算法工程师,12k-20k 经验1-3年 / 本科,人工智能服务
AI算法工程师,15k-30k 经验3-5年 / 本科,科技金融
音视频算法工程师,10k-20k 经验1-3年 / 本科,音频算法
机器学习算法工程师（武汉）,10k-20k 经验1-3年 / 本科,深度学习
算法工程师,15k-30k 经验不限 / 本科,大数据
图像视觉算法工程师,18k-30k 经验3-5年 / 本科,人工智能
算法工程师,15k-25k 经验1-3年 / 硕士,算法处理
算法工程师,10k-20k 经验不限 / 硕士,深度学习
26699-智慧零售数据中心高级算法工程师（营销方向）,14k-28k 经验3-5年 / 本科,电商
NLP算法开发工程师（武汉）,15k-20k 经验1-3年 / 硕士,NLP
图像算法工程师,15k-25k 经验3-5年 / 本科,通信/网络设备
视觉算法工程师,15k-25k 经验3-5年 / 本科,信息安全
推荐算法工程师,20k-40k 经验3-5年 / 本科,社交平台
高级Gnss算法工程师,20k-30k 经验1-3年 / 本科,工具类产品
算法工程师,20k-40k 经验3-5年 / 本科,科技金融
图像算法工程师,10k-20k 经验不限 / 本科,软件服务｜咨询
图像算法工程师,15k-30k 经验3-5年 / 本科,图像算法
交通算法工程师,10k-20k 经验1-3年 / 本科,算法工程师
深度学习算法工程师,11k-22k 经验不限 / 硕士,汽车
高级算法工程师（生命传感器算法开发方向）,12k-20k 经验3-5年 / 本科,医疗｜保健｜美容
算法工程师(计算机视觉/语音识别/nlp）,20k-30k 经验3-5年 / 本科,深度学习
算法工程师,16k-25k 经验3-5年 / 本科,电商平台
AI算法工程师,15k-30k 经验1-3年 / 本科,通信/网络设备
AI图像算法工程师,12k-20k 经验1-3年 / 本科,图像算法
图像识别算法工程师,18k-35k 经验3-5年 / 硕士,金融业
NLP高级算法工程师,18k-35k 经验3-5年 / 硕士,深度学习
ai算法工程师,12k-18k 经验3-5年 / 硕士,深度学习
【2021秋招】算法工程师-图像（武汉）,10k-20k 经验在校/应届 / 本科,深度学习
【2021秋招】音视频算法工程师（武汉）,10k-20k 经验在校/应届 / 本科,移动互联网
c++算法工程师,10k-20k 经验不限 / 本科,C++
算法工程师,15k-30k 经验3-5年 / 硕士,大数据
算法工程师,9k-18k 经验不限 / 本科,深度学习
资深计算机视觉算法高级工程师,23k-40k 经验1-3年 / 硕士,语音识别
计算机视觉算法应用高级工程师,15k-30k 经验不限 / 硕士,图片识别
深度学习算法工程师,15k-30k 经验3-5年 / 本科,深度学习
算法工程师,18k-30k 经验3-5年 / 本科,人工智能服务
算法工程师,17k-27k 经验1年以下 / 本科,C/C++
算法工程师,10k-15k 经验在校/应届 / 本科,激光测绘
算法工程师,10k-15k 经验1-3年 / 本科,游戏
机器学习算法工程师,12k-20k 经验1-3年 / 本科,知识问答
AI算法工程师,10k-20k 经验1-3年 / 本科,医疗健康
高级AI算法工程师,18k-25k 经验5-10年 / 本科,云计算
人工智能算法工程师,12k-20k 经验1-3年 / 本科,深度学习
AI算法工程师（研究员）,6k-8k 经验在校/应届 / 本科,人工智能服务
深度学习算法工程师,6k-12k 经验1-3年 / 本科,工具软件
ADAS控制算法工程师,12k-24k 经验1-3年 / 硕士,汽车
图像算法工程师,6k-12k 经验不限 / 本科,医疗器械算法
高级/图像算法工程师,15k-24k 经验5-10年 / 本科,图像算法
算法工程师,8k-16k 经验不限 / 本科,人工智能服务
算法工程师,10k-18k 经验1-3年 / 硕士,SLAM
FT-ETA算法高级工程师,35k-65k 经验3-5年 / 本科,深度学习
算法工程师,15k-30k 经验1-3年 / 本科,新能源汽车制造
ai算法工程师,20k-30k 经验1-3年 / 硕士,目标检测
算法工程师,15k-30k 经验不限 / 本科,语音合成
图像算法工程师,10k-15k 经验3-5年 / 本科,智能硬件
算法工程师,10k-20k 经验3-5年 / 本科,深度学习
算法工程师,15k-20k 经验3-5年 / 本科,社交
视觉/图像处理算法工程师,20k-30k 经验3-5年 / 本科,深度学习
算法工程师（WHY1212）,13k-20k 经验1-3年 / 本科,软件服务｜咨询
高级机器学习算法工程师,25k-50k 经验3-5年 / 本科,人工智能服务
飞控算法工程师,15k-30k 经验1-3年 / 本科,智能硬件
无人机SLAM算法工程师,25k-40k 经验1-3年 / 硕士,人工智能
AI算法智库的招聘和运营（智能制造）,4k-8k 经验不限 / 本科,IT技术服务｜咨询
图像算法工程师,15k-30k 经验3-5年 / 本科,软件服务｜咨询
图像算法工程师,8k-12k 经验在校/应届 / 本科,医疗影像诊断
语音算法工程师,25k-35k 经验3-5年 / 本科,移动互联网
图像算法工程师,10k-18k 经验1-3年 / 本科,视频/监控分析
视觉算法工程师,15k-30k 经验1-3年 / 本科,人工智能服务
点云算法工程师,15k-30k 经验在校/应届 / 硕士,点云算法
slam算法工程师,15k-30k 经验在校/应届 / 硕士,slam算法
深度学习算法实习生,3k-4k 经验在校/应届 / 硕士,深度学习
NLP算法工程师,15k-25k 经验1-3年 / 本科,自然语言处理
三维测量算法工程师,12k-20k 经验不限 / 本科,移动互联网
3D点云算法工程师,15k-22k 经验3-5年 / 本科,点云分割算法
计算机视觉算法工程师/专家,13k-25k 经验不限 / 硕士,机器学习
slam算法工程师,12k-20k 经验1-3年 / 本科,运动控制算法
电源研发工程师（DSP软件算法方向）,10k-17k 经验3-5年 / 本科,仪器仪表
算法研发工程师,12k-24k 经验1-3年 / 本科,深度学习
【京东】高级算法工程师岗（推荐方向）,20k-40k 经验3-5年 / 本科,推荐算法
C++算法工程师,8k-12k 经验1-3年 / 本科,人工智能
SLAM算法工程师,10k-15k 经验1-3年 / 本科,SLAM
立体视觉图像算法工程师,9k-14k 经验1-3年 / 硕士,三维图像视觉
视觉算法工程师,18k-20k 经验3-5年 / 硕士,制造业
优化算法工程师,15k-20k 经验不限 / 硕士,图像算法
人工智能算法工程师,25k-50k 经验1-3年 / 博士,图像算法
机器学习算法工程师,20k-35k 经验1-3年 / 本科,机器学习
数学建模与算法工程师,7k-14k 经验1-3年 / 本科,数据挖掘
图像处理算法工程师,10k-15k 经验1-3年 / 本科,深度学习
图像算法工程师,12k-24k 经验1-3年 / 硕士,机器学习
图像算法优化助理工程师,7k-12k 经验在校/应届 / 硕士,C++编程能力
AI算法测试工程师,8k-12k 经验1-3年 / 本科,功能测试
FT-图像算法工程师,35k-65k 经验3-5年 / 本科,地图
计算机视觉算法工程师,13k-26k 经验1-3年 / 硕士,互联网金融
算法测试工程师,7k-12k 经验在校/应届 / 本科,移动互联网
qt开发工程师（图像算法方向）,8k-16k 经验不限 / 本科,C
2021校园招聘——机器学习算法工程师（武汉）,7k-13k 经验在校/应届 / 本科,机器学习
传感器融合算法工程师,12k-20k 经验3-5年 / 本科,滤波算法
视频图像算法工程师,12k-20k 经验1-3年 / 本科,图像算法
目标检测算法工程师,12k-20k 经验1-3年 / 本科,C/C++
激光雷达算法工程师,12k-20k 经验1-3年 / 本科,Python
实习人工智能算法工程师,5k-6k 经验不限 / 本科,深度学习
ADAS图像算法工程师,11k-22k 经验不限 / 硕士,汽车交易平台
嵌入式算法移植工程师,12k-24k 经验3-5年 / 本科,汽车交易平台
AI算法测试工程师,8k-12k 经验1-3年 / 本科,功能测试
FT-图像算法工程师,35k-65k 经验3-5年 / 本科,地图
计算机视觉算法工程师,13k-26k 经验1-3年 / 硕士,互联网金融
算法测试工程师,7k-12k 经验在校/应届 / 本科,移动互联网
qt开发工程师（图像算法方向）,8k-16k 经验不限 / 本科,C
2021校园招聘——机器学习算法工程师（武汉）,7k-13k 经验在校/应届 / 本科,机器学习
传感器融合算法工程师,12k-20k 经验3-5年 / 本科,滤波算法
视频图像算法工程师,12k-20k 经验1-3年 / 本科,图像算法
目标检测算法工程师,12k-20k 经验1-3年 / 本科,C/C++
激光雷达算法工程师,12k-20k 经验1-3年 / 本科,Python
实习人工智能算法工程师,5k-6k 经验不限 / 本科,深度学习
ADAS图像算法工程师,11k-22k 经验不限 / 硕士,汽车交易平台
嵌入式算法移植工程师,12k-24k 经验3-5年 / 本科,汽车交易平台
AI算法测试工程师,8k-12k 经验1-3年 / 本科,功能测试
FT-图像算法工程师,35k-65k 经验3-5年 / 本科,地图
计算机视觉算法工程师,13k-26k 经验1-3年 / 硕士,互联网金融
算法测试工程师,7k-12k 经验在校/应届 / 本科,移动互联网
qt开发工程师（图像算法方向）,8k-16k 经验不限 / 本科,C
2021校园招聘——机器学习算法工程师（武汉）,7k-13k 经验在校/应届 / 本科,机器学习
传感器融合算法工程师,12k-20k 经验3-5年 / 本科,滤波算法
视频图像算法工程师,12k-20k 经验1-3年 / 本科,图像算法
目标检测算法工程师,12k-20k 经验1-3年 / 本科,C/C++
激光雷达算法工程师,12k-20k 经验1-3年 / 本科,Python
实习人工智能算法工程师,5k-6k 经验不限 / 本科,深度学习
ADAS图像算法工程师,11k-22k 经验不限 / 硕士,汽车交易平台
嵌入式算法移植工程师,12k-24k 经验3-5年 / 本科,汽车交易平台
AI算法测试工程师,8k-12k 经验1-3年 / 本科,功能测试
FT-图像算法工程师,35k-65k 经验3-5年 / 本科,地图
计算机视觉算法工程师,13k-26k 经验1-3年 / 硕士,互联网金融
算法测试工程师,7k-12k 经验在校/应届 / 本科,移动互联网
qt开发工程师（图像算法方向）,8k-16k 经验不限 / 本科,C
2021校园招聘——机器学习算法工程师（武汉）,7k-13k 经验在校/应届 / 本科,机器学习
传感器融合算法工程师,12k-20k 经验3-5年 / 本科,滤波算法
视频图像算法工程师,12k-20k 经验1-3年 / 本科,图像算法
目标检测算法工程师,12k-20k 经验1-3年 / 本科,C/C++
激光雷达算法工程师,12k-20k 经验1-3年 / 本科,Python
实习人工智能算法工程师,5k-6k 经验不限 / 本科,深度学习
ADAS图像算法工程师,11k-22k 经验不限 / 硕士,汽车交易平台
嵌入式算法移植工程师,12k-24k 经验3-5年 / 本科,汽车交易平台
AI算法测试工程师,8k-12k 经验1-3年 / 本科,功能测试
FT-图像算法工程师,35k-65k 经验3-5年 / 本科,地图
计算机视觉算法工程师,13k-26k 经验1-3年 / 硕士,互联网金融
算法测试工程师,7k-12k 经验在校/应届 / 本科,移动互联网
qt开发工程师（图像算法方向）,8k-16k 经验不限 / 本科,C
2021校园招聘——机器学习算法工程师（武汉）,7k-13k 经验在校/应届 / 本科,机器学习
传感器融合算法工程师,12k-20k 经验3-5年 / 本科,滤波算法
视频图像算法工程师,12k-20k 经验1-3年 / 本科,图像算法
目标检测算法工程师,12k-20k 经验1-3年 / 本科,C/C++
激光雷达算法工程师,12k-20k 经验1-3年 / 本科,Python
实习人工智能算法工程师,5k-6k 经验不限 / 本科,深度学习
ADAS图像算法工程师,11k-22k 经验不限 / 硕士,汽车交易平台
嵌入式算法移植工程师,12k-24k 经验3-5年 / 本科,汽车交易平台
AI算法测试工程师,8k-12k 经验1-3年 / 本科,功能测试
FT-图像算法工程师,35k-65k 经验3-5年 / 本科,地图
