慕藤服装专营店,【超值三件套/夹克+T恤+裤子】外套男2021春季男士休闲运动套装男装连帽夹克外套男 801黑色（三件套） XL,138.00
潮龙涧男装专营店,【超值 3件装】夹克男外套 春装季新款男士韩版修身连帽男装季工装运动套装男上衣 JK601月蓝色(三件套) XL.,138.00
南极人至初专卖店,【两件装】南极人短袖T恤男2021春夏季新款t恤男装韩版潮流男士打底衫半袖纯棉印花休闲体恤套装男 2005卡其+2006黑色 L,99.00
富贵鸟海心专卖店,富贵鸟衣服男士夏季韩版潮流短袖t恤男装休闲上衣夏天青年翻领Polo透气体恤衫 深灰 M,99.00
特步悠达专卖店,特步男装运动短袖t恤衫2021春夏四季新款透气潮流修身男士休闲速干棉显瘦百搭上衣跑步运动健身经典 【店长推荐】白色-logo圆领(速干)四季基础,53.00
风之衫服装专营店,格斯岚帝 三件套春季外套男士夹克2021连帽潮流青少年学生工装上衣服男牛仔风衣休闲卫衣裤子套装春秋 蓝色8079(三件套) XL,138.00
慕藤服装专营店,【买一送二 夹克+裤子+T恤】外套男 2021春季新款男装薄款连帽夹克外套男士衣服外套 黑+黑裤+T恤 XL+裤31,168.00
衣品男服饰专营店,【三件套】卫衣男休闲运动套装2021春秋季男装男士青少年潮流休闲运动服饰情侣卫衣套装男 175黑三件套 XL,128.00
南极人铭图专卖店,【两件装】南极人短袖t恤男夏季 2021新品短袖男士T恤韩版潮流纯棉打底衫半袖印花休闲体恤男装上衣 2130深灰+2102白色 L,89.00
诚谊服饰专营店,【正常发货纯棉4件】短袖t恤男纯棉半截袖衣服圆领休闲宽松潮初中学生印花胖青年大码新品纯色夏季体恤汗衫 四格白+KY蓝+SP灰+海Z黑 L建议120-135斤,99.00
南极人智途专卖店,【三件装】南极人短袖T恤男2021春夏季新款纯棉打底衫男韩版潮流五分袖t恤上衣半袖体恤套装男潮 【三件装】白/可口可乐+黑/鹿角字母+灰/拳,99.00
南极人布克专卖店,南极人T恤男短袖2020春季新品休闲港风大学生宽松时尚上衣服男女圆领套头半袖纯棉透气大码汗衫 水绿色(柯基男孩) L【推荐120-130斤左右】,49.90
衣品男服饰专营店,【三件套】【夹克+T恤+裤子】外套男2021春秋季男装时尚休闲男士夹克外套男 806黑+T恤+枫叶裤 XL,138.00
皇童男装专营店,TOBAAT外套男春秋季新款男装连帽夹克男青年韩版潮流秋装上衣男士棒球服男款休闲短轻薄外套夹克 上蓝下白 XL,89.00
千途帝旗舰店,千途帝 春季夹克男士外套秋冬季加绒加厚工装衣服套装棉羊羔绒男装冬装牛仔潮流卫衣连帽开衫青少年短款风衣 3件套春秋】77款卡其 +T恤+裤子 XL,128.00
欣迈隆旗舰店,欣迈隆 短袖t恤男夏季新款男士T恤韩版棉质潮流纯色圆领宽松打底衫春装半截袖休闲体恤夏天男装上衣 MYY2130深灰色 XL,49.00
郎曼伦旗舰店,郎曼伦 夹克男外套春秋季新款青少年男士韩版修身初中生连帽学生工装运动套装男上衣男装 TZ601黑灰色三件套 L,118.00
百嘉服饰专营店,宾迪豹 夹克男外套春秋季衣服男装休闲外衣连帽褂子韩版修身潮流新款青年学生帅气上衣棒球服 2021黑色 XL（120-130斤）,138.00
格斯岚帝旗舰店,格斯岚帝 短袖T恤男士夏季韩版新款青少年学生潮牌半袖衣服男卫衣男五分袖打底衫印花上衣透气圆领汗衫体恤 海蓝2003 XL,69.00
千泽服装专营店,简柯林外套男春秋装衣服男士修身工装学生上衣青年夹克男春装休闲韩版潮流夹克衫棒球服男 A518白色 L,99.00
百嘉服饰专营店,宾迪豹 短袖t恤男宽松圆领汗衫夏季半袖衣服男装打底衫学生韩版潮流个性帅气印花体恤 黑色 XL,78.00
千途帝旗舰店,千途帝 短袖t恤男装夏装夏季冰丝潮牌宽松半袖休闲时尚潮流五分中袖圆领大码男装卫衣速干半截袖体恤上衣 3778 白色 XL,58.00
皇童服饰专营店,Robbye外套男春秋季夹克男衣服韩版潮流修身休闲服饰男生工装外套棒球服男上衣时尚情侣装男短外套 J1869黑色 XL,108.00
J-VAN官方旗舰店,J-VAN 春装上衣服套装男士夹克外套男春季工装青少年春秋潮流牛仔卫衣学生休闲棒球服褂子短款男装风衣 单夹克-55黑 XL,78.00
凯撒（KAISER）服饰京东自营旗舰店,【京东自营】2021新款短袖T恤男,89.00
企途旗舰店,企途[2件装]短袖T恤男2021新款夏季t恤男装打底衫卫衣长袖秋衣春装男士上衣套装五分半袖男装j夏装 3005雾蓝+3003白蓝 XL,98.00
北极绒四夕专卖店,北极绒 夹克男春秋季新款男士外套修身韩版潮流休闲帅气春秋工装男式茄克立领上衣男装 67002深灰(常规款) XL,158.00
南极人智海专卖店,【四件装】南极人短袖t恤男春夏季新品短袖男装韩版潮流男士纯棉打底衫半袖纯色T恤男休闲体恤套装上衣男 【四件装】白+黑+黄+蓝 L,89.00
衣品男服饰专营店,【三件套】【夹克+T恤+裤子】外套男2021春秋季男装男士休闲运动套装潮流连帽工装夹克外套男上衣 601卡其黑三件套 XL,138.00
木鑫服饰专营店,诗翁 港风t恤男宽松超火ins上衣潮流潮牌短袖男装20新款夏学生衣服男 T恤 T03白色 L,19.89
慕藤服装专营店,【超值三件套/夹克+T恤+裤子】外套男2021春季男士休闲运动套装男装连帽夹克外套男 801黑色（三件套） XL,138.00
潮龙涧男装专营店,【超值 3件装】夹克男外套 春装季新款男士韩版修身连帽男装季工装运动套装男上衣 JK601月蓝色(三件套) XL.,138.00
千途帝旗舰店,千途帝 春季夹克男士外套秋冬季加绒加厚工装衣服套装棉羊羔绒男装冬装牛仔潮流卫衣连帽开衫青少年短款风衣 3件套春秋】77款卡其 +T恤+裤子 XL,128.00
诚谊服饰专营店,【正常发货纯棉4件】短袖t恤男纯棉半截袖衣服圆领休闲宽松潮初中学生印花胖青年大码新品纯色夏季体恤汗衫 四格白+KY蓝+SP灰+海Z黑 L建议120-135斤,99.00
风之衫服装专营店,格斯岚帝 三件套春季外套男士夹克2021连帽潮流青少年学生工装上衣服男牛仔风衣休闲卫衣裤子套装春秋 蓝色8079(三件套) XL,138.00
南极人铭图专卖店,【两件装】南极人短袖t恤男夏季 2021新品短袖男士T恤韩版潮流纯棉打底衫半袖印花休闲体恤男装上衣 2130深灰+2102白色 L,89.00
慕藤服装专营店,【买一送二 夹克+裤子+T恤】外套男 2021春季新款男装薄款连帽夹克外套男士衣服外套 黑+黑裤+T恤 XL+裤31,168.00
富贵鸟海心专卖店,富贵鸟衣服男士夏季韩版潮流短袖t恤男装休闲上衣夏天青年翻领Polo透气体恤衫 深灰 M,99.00
南极人布克专卖店,南极人T恤男短袖2020春季新品休闲港风大学生宽松时尚上衣服男女圆领套头半袖纯棉透气大码汗衫 水绿色(柯基男孩) L【推荐120-130斤左右】,49.90
南极人智途专卖店,【三件装】南极人短袖T恤男2021春夏季新款纯棉打底衫男韩版潮流五分袖t恤上衣半袖体恤套装男潮 【三件装】白/可口可乐+黑/鹿角字母+灰/拳,99.00
特步悠达专卖店,特步男装运动短袖t恤衫2021春夏四季新款透气潮流修身男士休闲速干棉显瘦百搭上衣跑步运动健身经典 【店长推荐】白色-logo圆领(速干)四季基础,53.00
南极人至初专卖店,【两件装】南极人短袖T恤男2021春夏季新款t恤男装韩版潮流男士打底衫半袖纯棉印花休闲体恤套装男 2005卡其+2006黑色 L,99.00
衣品男服饰专营店,【三件套】【夹克+T恤+裤子】外套男2021春秋季男装时尚休闲男士夹克外套男 806黑+T恤+枫叶裤 XL,138.00
百嘉服饰专营店,宾迪豹 短袖t恤男宽松圆领汗衫夏季半袖衣服男装打底衫学生韩版潮流个性帅气印花体恤 黑色 XL,78.00
百嘉服饰专营店,宾迪豹 夹克男外套春秋季衣服男装休闲外衣连帽褂子韩版修身潮流新款青年学生帅气上衣棒球服 2021黑色 XL（120-130斤）,138.00
衣品男服饰专营店,【三件套】卫衣男休闲运动套装2021春秋季男装男士青少年潮流休闲运动服饰情侣卫衣套装男 175黑三件套 XL,128.00
皇童服饰专营店,Robbye外套男春秋季夹克男衣服韩版潮流修身休闲服饰男生工装外套棒球服男上衣时尚情侣装男短外套 J1869黑色 XL,108.00
皇童男装专营店,TOBAAT外套男春秋季新款男装连帽夹克男青年韩版潮流秋装上衣男士棒球服男款休闲短轻薄外套夹克 上蓝下白 XL,89.00
千泽服装专营店,简柯林外套男春秋装衣服男士修身工装学生上衣青年夹克男春装休闲韩版潮流夹克衫棒球服男 A518白色 L,99.00
欣迈隆旗舰店,欣迈隆 短袖t恤男夏季新款男士T恤韩版棉质潮流纯色圆领宽松打底衫春装半截袖休闲体恤夏天男装上衣 MYY2130深灰色 XL,49.00
千途帝旗舰店,千途帝 短袖t恤男装夏装夏季冰丝潮牌宽松半袖休闲时尚潮流五分中袖圆领大码男装卫衣速干半截袖体恤上衣 3778 白色 XL,58.00
企途旗舰店,企途[2件装]短袖T恤男2021新款夏季t恤男装打底衫卫衣长袖秋衣春装男士上衣套装五分半袖男装j夏装 3005雾蓝+3003白蓝 XL,98.00
郎曼伦旗舰店,郎曼伦 夹克男外套春秋季新款青少年男士韩版修身初中生连帽学生工装运动套装男上衣男装 TZ601黑灰色三件套 L,118.00
J-VAN官方旗舰店,J-VAN 春装上衣服套装男士夹克外套男春季工装青少年春秋潮流牛仔卫衣学生休闲棒球服褂子短款男装风衣 单夹克-55黑 XL,78.00
京韵服饰专营店,宾宇兄弟纯棉男士短袖t恤打底衫圆领纯色体恤纯白色黑色大码半袖夏季男装衣服宽松休闲男打底衫青年百搭体恤 【4件装】白+黑+铁灰+卡其 2XL建议 150-165斤,96.00
格斯岚帝旗舰店,格斯岚帝 短袖T恤男士夏季韩版新款青少年学生潮牌半袖衣服男卫衣男五分袖打底衫印花上衣透气圆领汗衫体恤 海蓝2003 XL,69.00
南极人智海专卖店,【四件装】南极人短袖t恤男春夏季新品短袖男装韩版潮流男士纯棉打底衫半袖纯色T恤男休闲体恤套装上衣男 【四件装】白+黑+黄+蓝 L,89.00
北极绒四夕专卖店,北极绒 夹克男春秋季新款男士外套修身韩版潮流休闲帅气春秋工装男式茄克立领上衣男装 67002深灰(常规款) XL,158.00
木鑫服饰专营店,诗翁 港风t恤男宽松超火ins上衣潮流潮牌短袖男装20新款夏学生衣服男 T恤 T03白色 L,19.89
刁锋服饰专营店,快乐嘉人春秋外套男韩版潮流痞帅日系工装夹克ins港风学生秋季上衣服宽松 豆绿色 XL,49.00
慕藤服装专营店,【买一送二 夹克+裤子+T恤】外套男 2021春季新款男装薄款连帽夹克外套男士衣服外套 黑+黑裤+T恤 XL+裤31,168.00
潮龙涧男装专营店,【超值 3件装】夹克男外套 春装季新款男士韩版修身连帽男装季工装运动套装男上衣 JK601黑灰色(三件套) 3XL,138.00
南极人至初专卖店,【两件装】南极人短袖T恤男2021春夏季新款t恤男装韩版潮流男士打底衫半袖纯棉印花休闲体恤套装男 2005卡其+2006黑色 L,99.00
富贵鸟海心专卖店,富贵鸟衣服男士夏季韩版潮流短袖t恤男装休闲上衣夏天青年翻领Polo透气体恤衫 深灰 M,99.00
特步悠达专卖店,特步男装运动短袖t恤衫2021春夏四季新款透气潮流修身男士休闲速干棉显瘦百搭上衣跑步运动健身经典 【店长推荐】白色-logo圆领(速干)四季基础,53.00
南极人铭图专卖店,【两件装】南极人短袖t恤男夏季 2021新品短袖男士T恤韩版潮流纯棉打底衫半袖印花休闲体恤男装上衣 2130深灰+2102白色 L,89.00
衣品男服饰专营店,【三件套】【夹克+T恤+裤子】外套男2021春秋季男装时尚休闲男士夹克外套男 806黑+T恤+枫叶裤 XL,138.00
风之衫服装专营店,格斯岚帝 三件套春季外套男士夹克2021连帽潮流青少年学生工装上衣服男牛仔风衣休闲卫衣裤子套装春秋 蓝色8079(三件套) XL,138.00
衣品男服饰专营店,【三件套】卫衣男休闲运动套装2021春秋季男装男士青少年潮流休闲运动服饰情侣卫衣套装男 175黑三件套 XL,128.00
诚谊服饰专营店,【正常发货纯棉4件】短袖t恤男纯棉半截袖衣服圆领休闲宽松潮初中学生印花胖青年大码新品纯色夏季体恤汗衫 四格白+KY蓝+SP灰+海Z黑 L建议120-135斤,99.00
南极人智途专卖店,【三件装】南极人短袖T恤男2021春夏季新款纯棉打底衫男韩版潮流五分袖t恤上衣半袖体恤套装男潮 【三件装】白/可口可乐+黑/鹿角字母+灰/拳,99.00
南极人布克专卖店,南极人T恤男短袖2020春季新品休闲港风大学生宽松时尚上衣服男女圆领套头半袖纯棉透气大码汗衫 水绿色(柯基男孩) L【推荐120-130斤左右】,49.90
皇童男装专营店,TOBAAT外套男春秋季新款男装连帽夹克男青年韩版潮流秋装上衣男士棒球服男款休闲短轻薄外套夹克 上蓝下白 XL,89.00
千途帝旗舰店,千途帝 春季夹克男士外套秋冬季加绒加厚工装衣服套装棉羊羔绒男装冬装牛仔潮流卫衣连帽开衫青少年短款风衣 3件套春秋】77款卡其 +T恤+裤子 XL,128.00
欣迈隆旗舰店,欣迈隆 短袖t恤男夏季新款男士T恤韩版棉质潮流纯色圆领宽松打底衫春装半截袖休闲体恤夏天男装上衣 MYY2130深灰色 XL,49.00
郎曼伦旗舰店,郎曼伦 夹克男外套春秋季新款青少年男士韩版修身初中生连帽学生工装运动套装男上衣男装 TZ601黑灰色三件套 L,118.00
百嘉服饰专营店,宾迪豹 夹克男外套春秋季衣服男装休闲外衣连帽褂子韩版修身潮流新款青年学生帅气上衣棒球服 2021黑色 XL（120-130斤）,138.00
格斯岚帝旗舰店,格斯岚帝 短袖T恤男士夏季韩版新款青少年学生潮牌半袖衣服男卫衣男五分袖打底衫印花上衣透气圆领汗衫体恤 海蓝2003 XL,69.00
凯撒（KAISER）服饰京东自营旗舰店,【京东自营】2021新款短袖T恤男,89.00
千泽服装专营店,简柯林外套男春秋装衣服男士修身工装学生上衣青年夹克男春装休闲韩版潮流夹克衫棒球服男 A518白色 L,99.00
皇童服饰专营店,Robbye外套男春秋季夹克男衣服韩版潮流修身休闲服饰男生工装外套棒球服男上衣时尚情侣装男短外套 J1869黑色 XL,108.00
百嘉服饰专营店,宾迪豹 短袖t恤男宽松圆领汗衫夏季半袖衣服男装打底衫学生韩版潮流个性帅气印花体恤 黑色 XL,78.00
千途帝旗舰店,千途帝 短袖t恤男装夏装夏季冰丝潮牌宽松半袖休闲时尚潮流五分中袖圆领大码男装卫衣速干半截袖体恤上衣 3778 白色 XL,58.00
J-VAN官方旗舰店,J-VAN 春装上衣服套装男士夹克外套男春季工装青少年春秋潮流牛仔卫衣学生休闲棒球服褂子短款男装风衣 单夹克-55黑 XL,78.00
吉普昆谷专卖店,JEEP吉普防晒衣男夏季皮肤衣男士外套薄夹克防晒服新款旅游透气男装户外速干上弹力垂钓防紫外线超薄 YSF5202灰色（连帽） XL,188.00
企途旗舰店,企途[2件装]短袖T恤男2021新款夏季t恤男装打底衫卫衣长袖秋衣春装男士上衣套装五分半袖男装j夏装 3005雾蓝+3003白蓝 XL,98.00
北极绒四夕专卖店,北极绒 夹克男春秋季新款男士外套修身韩版潮流休闲帅气春秋工装男式茄克立领上衣男装 67002深灰(常规款) XL,158.00
南极人智海专卖店,【四件装】南极人短袖t恤男春夏季新品短袖男装韩版潮流男士纯棉打底衫半袖纯色T恤男休闲体恤套装上衣男 【四件装】白+黑+黄+蓝 L,89.00
衣品男服饰专营店,【三件套】【夹克+T恤+裤子】外套男2021春秋季男装男士休闲运动套装潮流连帽工装夹克外套男上衣 601卡其黑三件套 XL,138.00
木鑫服饰专营店,诗翁 港风t恤男宽松超火ins上衣潮流潮牌短袖男装20新款夏学生衣服男 T恤 T03白色 L,19.89
吉普昆谷专卖店,JEEP吉普防晒衣男夏季皮肤衣男士外套薄夹克防晒服新款旅游透气男装户外速干上弹力垂钓防紫外线超薄 YSF5202灰色（连帽） XL,188.00
潮龙涧男装专营店,【超值 3件装】夹克男外套 春装季新款男士韩版修身连帽男装季工装运动套装男上衣 JK601黑灰色(三件套) 3XL,138.00
南极人至初专卖店,【两件装】南极人短袖T恤男2021春夏季新款t恤男装韩版潮流男士打底衫半袖纯棉印花休闲体恤套装男 2005卡其+2006黑色 L,99.00
富贵鸟海心专卖店,富贵鸟衣服男士夏季韩版潮流短袖t恤男装休闲上衣夏天青年翻领Polo透气体恤衫 深灰 M,99.00
特步悠达专卖店,特步男装运动短袖t恤衫2021春夏四季新款透气潮流修身男士休闲速干棉显瘦百搭上衣跑步运动健身经典 【店长推荐】白色-logo圆领(速干)四季基础,53.00
风之衫服装专营店,格斯岚帝 三件套春季外套男士夹克2021连帽潮流青少年学生工装上衣服男牛仔风衣休闲卫衣裤子套装春秋 蓝色8079(三件套) XL,138.00
卡布吕博旗舰店,KABU LV BOSS品牌国际大牌奢侈品今季流行 高端泡泡纱 3D褶皱肌理 高弹轻薄透气休闲圆领短 黑色 M,1918.00
衣品男服饰专营店,【三件套】卫衣男休闲运动套装2021春秋季男装男士青少年潮流休闲运动服饰情侣卫衣套装男 175黑三件套 XL,128.00
南极人智途专卖店,【三件装】南极人短袖T恤男2021春夏季新款纯棉打底衫男韩版潮流五分袖t恤上衣半袖体恤套装男潮 【三件装】白/可口可乐+黑/鹿角字母+灰/拳,99.00
南极人布克专卖店,南极人T恤男短袖2020春季新品休闲港风大学生宽松时尚上衣服男女圆领套头半袖纯棉透气大码汗衫 水绿色(柯基男孩) L【推荐120-130斤左右】,49.90
皇童男装专营店,TOBAAT外套男春秋季新款男装连帽夹克男青年韩版潮流秋装上衣男士棒球服男款休闲短轻薄外套夹克 上蓝下白 XL,89.00
千途帝旗舰店,千途帝 春季夹克男士外套秋冬季加绒加厚工装衣服套装棉羊羔绒男装冬装牛仔潮流卫衣连帽开衫青少年短款风衣 3件套春秋】77款卡其 +T恤+裤子 XL,128.00
慕藤服装专营店,【买一送二 夹克+裤子+T恤】外套男 2021春季新款男装薄款连帽夹克外套男士衣服外套 黑+黑裤+T恤 XL+裤31,168.00
欣迈隆旗舰店,欣迈隆 短袖t恤男夏季新款男士T恤韩版棉质潮流纯色圆领宽松打底衫春装半截袖休闲体恤夏天男装上衣 MYY2130深灰色 XL,49.00
郎曼伦旗舰店,郎曼伦 夹克男外套春秋季新款青少年男士韩版修身初中生连帽学生工装运动套装男上衣男装 TZ601黑灰色三件套 L,118.00
百嘉服饰专营店,宾迪豹 夹克男外套春秋季衣服男装休闲外衣连帽褂子韩版修身潮流新款青年学生帅气上衣棒球服 2021黑色 XL（120-130斤）,138.00
格斯岚帝旗舰店,格斯岚帝 短袖T恤男士夏季韩版新款青少年学生潮牌半袖衣服男卫衣男五分袖打底衫印花上衣透气圆领汗衫体恤 海蓝2003 XL,69.00
千泽服装专营店,简柯林外套男春秋装衣服男士修身工装学生上衣青年夹克男春装休闲韩版潮流夹克衫棒球服男 A518白色 L,99.00
衣品男服饰专营店,【三件套】【夹克+T恤+裤子】外套男2021春秋季男装时尚休闲男士夹克外套男 806黑+T恤+枫叶裤 XL,138.00
皇童服饰专营店,Robbye外套男春秋季夹克男衣服韩版潮流修身休闲服饰男生工装外套棒球服男上衣时尚情侣装男短外套 J1869黑色 XL,108.00
百嘉服饰专营店,宾迪豹 短袖t恤男宽松圆领汗衫夏季半袖衣服男装打底衫学生韩版潮流个性帅气印花体恤 黑色 XL,78.00
千途帝旗舰店,千途帝 短袖t恤男装夏装夏季冰丝潮牌宽松半袖休闲时尚潮流五分中袖圆领大码男装卫衣速干半截袖体恤上衣 3778 白色 XL,58.00
北极绒四夕专卖店,北极绒 夹克男春秋季新款男士外套修身韩版潮流休闲帅气春秋工装男式茄克立领上衣男装 67002深灰(常规款) XL,158.00
J-VAN官方旗舰店,J-VAN 春装上衣服套装男士夹克外套男春季工装青少年春秋潮流牛仔卫衣学生休闲棒球服褂子短款男装风衣 单夹克-55黑 XL,78.00
卡布吕博旗舰店,KABU LV BOSS品牌国际大牌奢侈品灰~全衣无缝切割 创意v领无领 冰丝夏季透气短袖T恤 白色 预售 M,1938.00
南极人智海专卖店,【四件装】南极人短袖t恤男春夏季新品短袖男装韩版潮流男士纯棉打底衫半袖纯色T恤男休闲体恤套装上衣男 【四件装】白+黑+黄+蓝 L,89.00
衣品男服饰专营店,【三件套】【夹克+T恤+裤子】外套男2021春秋季男装男士休闲运动套装潮流连帽工装夹克外套男上衣 601卡其黑三件套 XL,138.00
木鑫服饰专营店,诗翁 港风t恤男宽松超火ins上衣潮流潮牌短袖男装20新款夏学生衣服男 T恤 T03白色 L,19.89
名狮顿男装旗舰店,（买一送一）春季外套男士夹克2021连帽潮流青年工装上衣服男夹克男外套 1307-2130卡其+内搭T恤 XL,99.00
南极人御景成专卖店,南极人男士防晒服夏季连帽防嗮衣服户外透气超薄冰丝速干遮阳运动夹克轻薄外套男防紫外线防晒 F1810黑色 XL,69.00
奥帝洛姿服饰专营店,【三件套】卫衣套装男士春秋装运动服套装青少年休闲运动套装潮流外套秋装男装 175灰色三件套 XL建议120-130斤,128.00
艾兰斯服饰专营店,保罗歌仕顿长袖T恤男2019秋季新款t恤男装青年圆领卫衣韩版打底衫体恤小衫上衣 903上白下灰 XL,59.00
南极人京电专卖店,南极人polo衫男春夏季新品短袖潮流时尚上衣t恤男打底衫百搭休闲半袖衬衫领体恤男装潮流保罗衫 t125深灰 （ 标准尺码，可按尺码表推荐选,69.00
北极绒四夕专卖店,北极绒 夹克男春秋季新款男士外套修身韩版潮流休闲帅气男式工装立领上衣服男装 9802黑色(常规款) XL,158.00
企途旗舰店,企途短袖t恤男士ins潮牌潮流宽松五分半袖2021年新款夏季男装衣服 1602浅蓝+1607浅蓝 XL,79.00
南极人服装旗舰店,南极人夹克男春季男装修身外衣男士时尚休闲连帽冲锋衣男生春秋款帅气外套工装短款棒球服春装 1902黑色 XL,98.00
衣品男服饰专营店,【三件套】【夹克+T恤+裤子】外套男2021春秋季男装时尚休闲男士夹克外套男 806黑+T恤+枫叶裤 XL,138.00
艾兰斯服饰专营店,保罗歌仕顿 短袖t恤男夏季polo衫男士翻领短袖T恤韩版潮流修身半袖衣服男装 灰色黑 XL,49.00
南极人服装旗舰店,南极人卫衣男春季休闲时尚男装男士修身长袖T恤上衣打底衫体恤男生情侣装圆领春装潮春秋款外套 850灰色 XL,59.00
都市行动服饰旗舰店,都市行动 外套男春秋季衣服男装外套休闲韩版潮流短款衣服男生青少年夹克男外套 JK898绿色常规 XL,108.00
吉普刹罗专卖店,吉普卫衣男春套装大码套头圆领帅气两件套一套衣服男士2021年新品款潮流休闲修身 黑色 XL,198.00
AEMAPE男装京东自营旗舰店,AEMAPE 短袖t恤男潮流休闲打底衫男生半袖清凉宽松衣服MD 海蓝色【2003】 XL,99.00
衣品男服饰专营店,【买一送一两件88】短袖T恤男 ins夏季男士T恤男短袖宽松男装潮流潮牌短袖男T恤男生打底衫上 1607白 XL,58.00
潮龙涧男装专营店,【超值 3件套】卫衣套装男春装男季运动套装2021新款潮休闲男装外套男衣服男服饰 801灰色(三件套) XL,128.00
Lee Cooper乾最专卖店,Lee Cooper短袖T恤男夏季薄款男装夏装上衣男款白色纯色txu衫打底衫衣服潮流男生白体恤 2件装 白色+灰色 3XL码,299.00
步泽男装专营店,MR&NRB夹克外套男宽松春季新款男士字母印花条纹上衣衣服男潮流个性休闲运动男潮牌男装 深灰色 XL,148.00
潮龙涧男装专营店,【买一送三】短袖T恤男 夏季新品短袖男体恤男装大码衣服冰丝半袖潮流衣服 T10白+T11灰+T12黑+T13白 XL,99.00
富贵鸟海心专卖店,富贵鸟夹克男装外套2021春季新品男士简约休闲潮流青年舒适上衣服饰 2102卡其 M,138.00
花花公子班鲁尼专卖店,花花公子PLAYBOY冰丝套装男夏季中青年韩版帅气短袖T恤男圆领薄款休闲两件套男装冰凉透气 HHGZ-PLX-A18-C黑色 165/M(推荐100-120斤),298.00
SWJEANS男装旗舰店,SW1960防晒衣男士防晒服夏季薄款休闲外套夹克男速干皮肤衣韩版潮流薄透气防晒情侣皮肤 1050-白色 XL,138.00
引创官方旗舰店,引创短袖t恤男夏季新款潮流宽松港风衣服男装印花T恤潮牌百搭半袖ins 白色 L,68.00
南极人韦汐洛专卖店,南极人 外套男春秋夹克男2021新款休闲男士夹克衫韩版修身青年男装连帽工装外套学生上衣拼接外套男 黑色 XL,138.00
南极人羽绒服旗舰店,南极人夹克男外套连帽秋季男生潮流休闲宽松运动衣服男装男士风衣秋装 灰色.. XL,99.00
星律服饰专营店,古莱登（GODLIKE）长袖t恤男生春装秋衣潮流韩版ins港风体恤宽松打底衫内搭 白色 L,39.00
吉普尚格专卖店,吉普JEEP夹克男2021春秋季外套男士新款棒球服工装夹克衫修身休闲防风衣服潮流男装 黑色 M,168.00
南极人熙尊专卖店,南极人外套男士春秋季韩版潮流工装夹克休闲2020新款秋冬秋装上衣服 月蓝色 XL,79.00
久兴男装专营店,沼泽地夏季男士短袖t恤男装半袖宽松衣服大码冰丝五分袖卡通印花打底衫潮流卫衣夏装上衣青少年学生潮牌体恤 3074黑色 S,68.00
Momenzone官方旗舰店,【MOZ】外套男 2021春季渐变男士休闲夹克韩版情侣衣服工装套装男连帽户外冲锋风衣上衣 不加绒款8026#黑色 L(建议100-115斤),138.00
花花公子柚子专卖店,【3件套】花花公子PLAYBOY短袖T恤2020新款青年牛仔裤套装男休闲运动宽松裤子男装潮牌 KXP-G06黑色 L,198.00
嘉信服饰专营店,融启 外套男装春秋季衣服男秋装夹克修身休闲潮牌工装潮流头号青年春秋棒球服男生上衣学生男 6202浅蓝色 3XL,128.00
慕藤服装专营店,【买一送三】长袖T恤男 春季新款男士T恤长袖宽松男装秋衣男长袖男T恤打底衫上卫男 CT27白+CT26藏青+CT21黑+CT23灰 XL.,99.00
思齐服饰专营店,胤笙记 2021春装新款时尚印花宽松夹克男嘻哈外套原宿风潮牌个性百搭连帽衣服男 红色 M,155.00
卡帝乐鳄鱼（CARTELO）男装京东自营专卖店,卡帝乐鳄鱼(CARTELO)外套男2021春季韩版夹克男士青年休闲立领棒球服工装风衣纯色男装 黑色 XL,198.00
花花公子官方旗舰店,花花公子外套男夹克潮流2021春夏季新品韩版休闲翻领男士工装上衣服饰青年港风男装 灰色 XL,269.00
南极人酷小孩专卖店,南极人防晒衣服男长袖轻薄透气披肩斗篷防紫外线皮肤衣防晒衫夏季潮男 【1件装】-银灰.防晒 L（推荐110-130斤）,59.00
噜啡运动专营店,【套装】李宁运动套装卫衣中国服饰外套夹克篮球服男士休闲套装跑步装备健身服 字母黑卫衣+收口卫裤 L(175),209.00
25BOY官方旗舰店,hea醒狮潮牌街头潮流开心简单无所畏男女同款印花圆领短袖T恤 白色 L,99.00
朗翱服饰旗舰店,朗翱 短袖t恤男夏季圆领半袖汗衫韩版朝流学生上衣服潮牌男装大码个性印花打底衫 深灰色 XL,78.00
南极人智途专卖店,【两件装】南极人短袖t恤男2021春夏季新品T恤韩版潮流男士纯棉打底衫半袖印花休闲体恤套装上衣男装 白/小恐龙+黑/鲨鱼 L,78.50
罗蒙悦成专卖店,罗蒙（ROMON）两件装 男士纯棉短袖t恤夏季圆领黑白棉体恤T纯色上衣服打底衫男装 【黑色+白色】 L/175(推荐体重125-140斤),99.00
敦尼亚欧飞亚专卖店,敦尼亚夹克男外套秋冬新品男装男士立领韩版棒球服休闲中青年外衣服男大码胖子加大加肥男装加绒加厚上衣男 1901-灰色 注意【请选择正确尺码选购,128.00
PBOA官方旗舰店,PBOA连帽衫卫衣男士春秋季加绒潮牌宽松长袖T恤运动套装大码情侣圆领加厚青少年男生款外套休闲男装 8113白色（单件薄款） L,79.00
Momenzone官方旗舰店,【MOZ】外套男 2021春季渐变男士休闲夹克韩版情侣衣服工装套装男连帽户外冲锋风上 不加绒款8026#黑色 L(建议100-115斤),138.00
AEMAPE苹果男装京东自营专区,AEMAPE 夹克男士外套春季修身韩版上衣男连帽休闲衣服男装YL803 黑色 XL,138.00
猪猪怡男装旗舰店,猪猪怡 外套男春季新款加绒加厚男士连帽夹克韩版潮牌工装上衣男装加肥加大码秋装潮流ins学生胖子棒球服 H046蓝色 XL,128.00
李宁银冠专卖店,李宁运动套装男2021春夏季卫衣卫裤透气宽松运动服饰健身服足球服跑步休闲篮球运动裤长裤男装两件套 基础黑卫衣+收口卫裤 L(175),209.00
俞兆林螳螂金甲专卖店,俞兆林短袖t恤男2021春夏季新品男装T恤韩版潮流男士纯棉打底衫半袖印花休闲体恤套装百搭男装上衣潮 2802白色 L,49.00
花花公子飞扬专卖店,花花公子外套男修身春季新款男士商务休闲薄款工装夹克男潮牌男装高端西装领绅士小风衣披风男 浅灰色 XL,269.00
恒源祥服饰京东自营专卖店,恒源祥 夹克男春季商务休闲男士外套中老年男装翻领宽松纯棉春装薄款风衣 H57429249 藏青色 180,359.00
淳羽裳服饰专营店,量贩T恤四件夏装衣服男短袖T恤 纯色圆领汗衫3D狼头印花学生体恤衫打底半截袖青春流行夏季上衣 套餐1 KNF白+金花黑+狼头黑+一枝花白 XL,89.00
南极人乾最专卖店,南极人外套男春夏新款男装夹克男韩版学生潮流工装褂子运动休闲衣服男薄款透气外套连帽修身 PJ30卡其 2XL,139.00
南极人京橦专卖店,南极人夹克男外套男2021春季新款男装男士休闲连帽工装上衣潮流学生衣服春装 6612黑色春款 XL,138.00
俞兆林螳螂金甲专卖店,【4件装】俞兆林短袖T恤男2021夏季新款纯色打底衫男士半袖圆领纯棉体恤男装上衣男薄款五分袖t恤男 白+黑+黄+蓝 L,99.00
艾伦伯顿官方旗舰店,艾伦伯顿 健身服男跑步运动套装篮球春季长袖速干衣高弹训练装备晨跑服紧身春秋球衣 五件套（速干透气 四季可穿） L(130-145)斤,138.00
吉普聘驰专卖店,JEEP吉普卫衣男2021春秋新款男士长袖圆领T恤宽松大码纯色运动休闲时尚棉质中青年学生打底衫秋 深蓝色6501 XL(125斤-145斤)可穿,148.00
南极人乾最专卖店,【3件装】南极人短袖t恤男夏装新款时尚百搭男士上衣半袖日系宽松体恤大码印花圆领男装T恤上衣打底衫 【三件装】80小枫叶白+78小X黑+82小叶黑 XL,99.00
天顺服饰专营店,花花公子外套夹克男士2021春秋季新款男装青年潮流工装拼色连帽上衣服饰 601浅蓝 M,269.00
Lee Cooper若迈风专卖店,Lee Cooper短袖T恤男夏季薄款潮流宽松半袖运动男士打底衫圆领t恤情侣装体恤潮牌男装 9027红色+9027红色 XL码,199.00
跑步运动专营店,【套装】特步运动套装男装春夏季新款服饰薄款男士圆领卫衣短袖短裤子速干运动健身跑步休闲篮球两件套 黑色-(有口袋)-【推荐】 L/175,79.00
七匹狼远贵专卖店,【99元3件装】七匹狼短袖t恤男士衣服潮流100%纯棉V领半袖男装2021新款夏季宽松体恤 纯棉V领3件装-黑白灰 XL(175/100 推荐体重130-150斤),99.00
老爷车男装旗舰店,老爷车 新品爸爸装长袖t恤男中年男士翻领POLO40岁50中老年人男装春装宽松爷爷装父亲节上 20471蓝色 175【建议135-145斤】,98.00
七匹狼服装旗舰店,七匹狼夹克男休闲外套男装2021春秋装新款男士纯色绣标防风衣服男式夹克衫上衣韩版 升级版-101藏青色 175/92A/XL,459.00
南极人袜子旗舰店,南极人【精梳棉4件装】男士短袖t恤男夏季运动内衣舒适无痕宽松透气休闲衣服基础打底衫套头男式背心汗衫夏 黑+白+白+灰 大码 适合120-160斤,69.90
南极人初见青衣专卖店,【俩件装】南极人卫衣男长袖春装男士T恤时尚圆领韩版潮流打底衫宽松休闲衣服男 9937浅灰色+9937黑色 XL,118.00
南极人岳氏专卖店,南极人外套男春季新款潮流立领夹克男装修身简约休闲男士针织开衫帅气百搭褂子秋装保暖上衣 556军绿色 XL,118.00
花花公子御景成专卖店,花花公子夹克男春季春装男装韩版潮流外套男士青年修身休闲立领男生运动上衣冬装工装外衣春秋款 2102卡其 XL,269.00
锦昕服饰专营店,奢号短袖t恤男夏季潮流宽松百搭打底五分袖ins潮牌港风学生半袖上衣服 黑色 3XL,38.00
千途帝旗舰店,千途帝 短袖t恤男休闲裤套装男裤子夏季九分裤半袖青少年男装潮牌T恤宽松胖子印花新品夏装上衣潮流卫衣 2件套】T3074款黑色 +裤子 XL,89.00
恒盼服饰专营店,遥渠（YAO QU）夹克男春秋季2020新款日系潮流休闲上衣服宽松青年工装秋冬外套男潮牌加绒加厚 LGL1992黑色 XL,108.00
南极人宏瑞专卖店,`南极人夹克男修身保暖外衣男士时尚休闲连帽冲锋衣男生帅气外套工装短款上衣冬季男装 J23灰色 XL,98.00
茧色男装专营店,绅范工装外套男2021春季新品夹克男士春秋外套潮牌港风青少年外衣秋装衣服男装潮流宽松帅气褂子上衣男 33#黑色 XL,128.00
跑步运动专营店,特步运动裤男长裤2021新款服饰薄款潮流大码跑步健身篮球裤束脚裤男小脚卫裤针织休闲裤子男春夏季 黑色-单标【店长推荐】 L/175,88.90
花花公子海增专卖店,花花公子夹克男春秋新款男装薄款棒球领上衣韩版商务休闲潮中青年立领男士外套男 8007-灰色 175/L 推荐115-135斤,269.00
戴登堡旗舰店,@戴登堡(DAIDENGBAO) 长袖衬衫男大码韩版宽松潮流休闲百搭衬衣外套ins港风帅气寸衫上衣 米色 XL,98.00
既咎旗舰店,既咎卫衣男宽松春季新款男士个性印花休闲外套男潮流百搭圆领长袖T恤男加肥加大码男装上衣男 白色 XL,88.00
衣比衣男装专营店,富贵鸟夹克男外套男士春秋季薄款茄克衫加绒加厚棉服中年爸爸装休闲大码男装立领棒球服褂子 深蓝薄款 XL(130-145斤),168.00
皇呈男装旗舰店,皇呈卫衣男2021春季新款长袖T恤潮流ins学生男生春季韩版上衣服情侣宽松打底衫 白色 L,78.00
南极人熙尊专卖店,南极人短袖T恤男休闲纯色印花大码男士宽松潮流服饰圆领潮牌亲少年男生半截袖体恤 深灰色 XL,49.00
名狮顿男装旗舰店,（58元一件 88元两件）短袖T恤男2021新品夏季男士刺绣短袖T恤上衣男短袖打底衫潮 T601卡其 XL,58.00
滔展男装专营店,短袖t恤男纯色纯棉2020夏季新款韩版修身五分袖衣服男卫衣男士圆领紧身运动体恤半袖打底衫衣 白色+黑 XL(体重130-140斤),99.00
倚文男装专营店,古莱登 夹克男外套2021春秋季新款男装拼色连帽外套潮流衣服男士休闲多口袋工装褂子男韩版服饰外衣秋装 JK28【灰色】 XL,48.00
雪域森林服饰旗舰店,雪域森林外套男春季夹克男装外套春装衣服男学生棒球服男2020新款潮流休闲服饰 7705浅蓝 XL,119.00
VERSACE JEANS COUTURE京东自营官方旗舰店,范思哲Versace Jeans Couture 奢侈品男装21春夏男士印花外套 C1GWA9A8-25188 BLKPRINT-899黑色印花 48,4299.00
花花公子运动旗舰店,花花公子男装运动套装男士三件套春秋季新款爸爸装春装棉质长袖卫衣外套长裤中老年大码宽松休闲跑步运动 89707 深蓝色【三件套】 XL【建议121-,288.00
乔瑞（泉州）服饰专营店,【型徒】外套男 2021飞行员夹克春季户外韩版冲锋衣新品运动套装男士卫衣工装情侣风上男 2318套装（外套深蓝+卫白） XL(建议125-140斤),188.00
卡帝乐鳄鱼（CARTELO）男装京东自营专卖店,卡帝乐鳄鱼(CARTELO)外套男2021春秋季时尚夹克男士休闲潮流工装服连帽风衣男装青年宽松舒 浅蓝 XL,198.00
慕林初客服饰旗舰店,【两件装】慕林初客夹克外套男春秋季新品休闲男韩版宽松保暖棒球服学生运动男士上衣服装连帽卫衣男 J145深灰+Y180白色 XL,158.00
明尼凯男装旗舰店,明尼凯2021春季新款夹克男宽松百搭潮流外套情侣装假两件潮牌休闲帅气棒球服 黑色 L,138.00
杰烁男装专营店,询彧 外套男春秋季衣服男士韩版工装休闲夹克男装休闲修身青少年男生时尚潮流外套短款 套装D03黑色 XL,139.00
雷威凯森官方旗舰店,雷威凯森 短袖T恤男纯棉夏季男装2021新款韩版修身上衣服圆领服装男潮牌半袖纯色打底衫 三角形黑色 XL(136-155斤),79.00
凯撒（KAISER）服饰京东自营旗舰店,【京东自营】2021新款短袖T恤男,89.00
HUGO BOSS官方旗舰店,"京东国际
HUGO BOSS雨果博斯Polo衫男款春夏徽标弹力珠地布修身 Polo衫50412675 412-蓝色 L",1100.00
阅殷英朴专卖店,阅殷外套男宽松2021春季新款男士运动夹克男潮流百搭衬衫式衣服开衫男潮牌男装学院风帅气上衣服饰 蓝色 XL,138.00
EMPORIO ARMANI官方店,阿玛尼EMPORIO ARMANI UNDERWEAR奢侈品男装EA男士袜子（两双装） 303222-0A300 WHITE-00911 白色 U,147.00
南极人华客专卖店,南极人夹克服男中年外套春季薄款全棉工装夹克翻领休闲服立领纯色上衣 3018#深蓝 XL,138.00
耀万男装专营店,仕季长袖t恤男2010春季新款圆领套头男装T恤卫衣男韩版潮流百搭休闲秋衣服体恤打底衫上衣男 湖蓝色 XL,88.00
乐希源男装专营店,【超值三件套/夹克+T恤+裤子】外套男2020春季新款男士休闲运动套装男装连帽夹克外套 6617黑色（+内搭T恤） XL,99.00
富铤（FORTEI）男装京东自营旗舰店,富铤 FORTEI 短袖T恤男士2021夏季宽松百搭圆领潮流运动打底衫衣男KXPT354 黑灰色 XL,99.00
越鹏服饰专营店,鲁宾克 卫衣男圆领春季新款韩版潮流帅气ins港风学生宽松大码休闲上衣服青少年运动长袖t恤男嘻哈外套 白色 L,69.00
朗光旗舰店,朗光外套男宽松2021春季新款男士薄款连帽休闲夹克男潮牌假两件上衣服饰男装衣服男韩版潮流个性夹克衫 黑色 XL,148.00
花花公子柚子专卖店,花花公子 男士休闲夹克套装秋季新款韩版潮牌潮流帅气学生工装夹克帅气运动衣服男裤子一套搭配秋冬男装外套 黑色 L,269.00
稻草人文彦专卖店,稻草人夹克男春季新品男装外套男士连帽韩版休闲工装褂子秋冬男生衣服棒球服加绒厚上衣特大码45678 黑色 XL,158.00
慕藤服装专营店,【超值三件套/夹克+T恤+裤子】外套男2021春季男士休闲运动套装男装连帽夹克外套男 801黑色（三件套） XL,138.00
泽羽服饰专营店,牧柒帛 棒球服夹克男港风宽松韩版潮流ins休闲百搭痞帅运动外套男新款 JK18803黑色 XL,109.00
锦森服饰专营店,【有加绒可选】帝黛品牌外套男2021春秋新品运动套装男士卫衣男装夹克工装服饰休闲裤t恤风衣大码装 黑款连帽803【外套+裤子】 注意【请选择需,149.00
进源服饰专营店,嘉晔牛仔外套男春秋新款韩版黑色青年修身帅气学生夹克牛仔上衣衣服卫衣潮流百搭 63黑色 XL,59.00
吉普甲昆专卖店,JEEP吉普男装短袖t恤男2021春夏季新款时尚中青年Polo上衣速干透气休闲运动服半袖翻领体恤衫男 T153 黑色 XL（130-145斤）,118.00
金诺宏达服饰专营店,皮尔皮德2021外套男春秋季韩版休闲夹克男青少年两面穿褂子潮拼色初中学生上衣男春装 黑色春秋款 XL（115-130斤）,108.00
衣品男服饰专营店,【三件套】【夹克+T恤+裤子】外套男2021春秋季男装男士休闲运动套装潮流连帽工装夹克外套男上 601卡其黑三件套 XL,138.00
斯维运动专营店,木林森运动套装男春秋薄款连帽套头卫衣棉质加绒加厚保暖休闲两件套男士青年收口宽松长裤跑步训练运动男 开衫黑色-【常规款】 XL,159.00
花花公子（PLAYBOY）男装京东自营旗舰店,花花公子（PLAYBOY）夹克男外套2021春季韩版休闲外套男士立领夹克衫时尚潮牌棒球服 黑蓝 XL,242.00
七匹狼官方旗舰店,七匹狼衬衫男2021春季新款时尚休闲长袖衬衫男士商务衬衣男装净色简约易搭职业装上衣男春装 103(灰蓝) 175/92A/XL,195.99
BABIBOY达宽发专卖店,BABIBOY【棉质两件】短袖t恤男夏季男士T恤短袖宽松男装潮流潮牌短袖男T恤打底衫上衣 8801蓝色+8821白色 XL,79.00
AEMAPE京东自营官方旗舰店,两件套】美国苹果 AEMAPE 男士休闲运动套装秋季大码长袖情侣卫衣跑步两件套学生外套潮 灰色 XL,168.00
名狮顿男装旗舰店,（买一送一88两件 加绒可选）长袖T恤男 2021春季新款男士T恤上衣打底衫男装圆领卫男秋潮 W10白色+W11黑色 XL,88.00
耀万男装专营店,仕季卫衣男春秋季男装连帽时尚长袖T恤秋衣服男加绒加厚保暖潮流学生假两件运动套头打底衫上衣外套男 白色 XL,88.00
安踏京东自营旗舰店,安踏 ANTA 官方旗舰男子套装春春夏款跑步健身男运动套装立领外套两件套 基础黑-3 L(男175),289.00
木鑫服饰专营店,诗翁（shiweng） 短袖t恤男夏季潮流宽松情侣装上衣青少年学生潮牌insT恤衣服 白色 L,19.89
梵得西服饰旗舰店,梵得西 牛仔外套男破洞韩版修身青年潮流新品男夹克2020秋季上衣服学生牛仔褂子男装 6601浅蓝色 XL（135斤以下）,139.00
花花公子斯维专卖店,【两件装】花花公子衬衫男春夏新款韩版潮流时尚长袖外套修身免烫职业商务西装衬衣正装纯色百搭打底衫 7712浅蓝+7710蓝白 XL,159.00
袋鼠旗舰店,袋鼠 爸爸装外套男春秋季新款中年男士商务休闲翻领夹克40岁50中老年男装薄款老人春装上 29025藏青色 170【建议100-120斤】,168.00
安踏悠购专卖店,【两件套】安踏运动套装男2021春夏季透气宽松跑步装备健身服饰休闲卫裤T恤学生短袖卫衣短裤子户外 -2纯净白/基础黑【店长推荐】 L/175,99.00
soinku潮型库旗舰店,Soinku潮型库卫衣男连帽秋韩版潮流学生装潮人长袖t恤衣服男士外套上衣 W7012猫咪款 L,128.00
胖大鹅服饰官方旗舰店,胖大鹅 外套男夹克春季新款上衣男士休闲工装加绒加厚棉衣服中青年褂子男装潮流棒球服春秋 军绿色 J1218 春款 M,158.00
和俊服饰专营店,胖子大码棒球服男外套春秋2021新款韩版潮流宽松百搭ins潮牌港风夹克上衣 黑色 XL,138.00
顺益顺服装专营店,LUYBAIDUN 防晒衣男超薄透气学生连帽防晒服2020新品修身韩版印花防紫外线皮肤男装 1806款白色 XL,69.00
花花公子（PLAYBOY）男装京东自营旗舰店,花花公子（PLAYBOY）短袖T恤男2021夏季纯色T恤上衣潮牌休闲韩版圆领男装 白色 XL,139.00
七匹狼官方旗舰店,七匹狼短袖T恤男士夏季新品短袖圆领t恤男装时尚印花上衣男士衣服短袖男 102(深蓝) 180/96A/XXL,196.00
七匹狼官方旗舰店,Q1【匹马棉】七匹狼短袖T恤男士2021新款基础圆领体恤衫男双色料印花柔软舒适套头夏装男装上衣L 803(本白) 175/92A/XL,139.00
浅咫旗舰店,浅咫外套男宽松春夏季潮流短款薄款工装夹克毛呢子商务休闲绅士高端小西服西装风衣披风潮牌男装外套男 K029 灰色 XL,188.00
VERSACE JEANS COUTURE京东自营官方旗舰店,范思哲 VERSACE JEANS COUTURE 奢侈品 男士黑色棉质LOGO长袖卫衣 B7GUA7FZ 36612 899 XL码,550.00
ARMANI EXCHANGE官方店,阿玛尼ARMANI EXCHANGE奢侈品男装21春夏AX男士棉质T恤衫 3KZTNE-ZJH4Z WHITE-1100白色 S,610.00
沧狮旗舰店,沧狮夏季短袖t恤男士立领t袖衫修身青年韩版潮牌衣服男学生丅恤衫 红色 XL(120-135斤),89.00
吉普甲昆专卖店,JEEP吉普男装夹克男士外套春秋冬季新款青年立领韩版潮流商务休闲时尚加肥加大码工作服定制LOGO 黑色 XL,158.00
舞新旗舰店,舞新防晒衣男2021夏季新款潮男女情侣连帽防晒服沙滩衣立领夹克防晒衣男大码户外棒球服男外套薄 178黑白 165/M,79.00
舞新旗舰店,舞新防晒衣男2021夏季新品防晒衣男运动户外轻薄皮肤衣男女情侣款上衣钓鱼防晒 白色 XL,48.00
富贵鸟（FUGUINIAO）男装京东自营专卖店,富贵鸟男士羽绒服男纯色连帽冬季保暖加厚韩版休闲时尚中青年外套男装 黑色 XL,298.00
花花公子（PLAYBOY）男装京东自营旗舰店,花花公子外套男2021春季韩版休闲夹克男士棒球服修身立领潮流百搭男装 黑色 XL,242.00
雷威凯森官方旗舰店,雷威凯森 短袖T恤男纯棉夏季男装2021新款韩版修身上衣服圆领服装男潮牌半袖纯色打底衫 三角形黑色 XL(136-155斤),79.00
吉普晶彩冰专卖店,JEEP吉普男装夹克男士外套商务休闲2021新款大码中青年春秋季外套男上衣外衣服工作服定制LOGO 黑色 2XL(150斤以内斤以内可穿),158.00
亿兴运动户外专营店,中国李宁运动套装男夏季短袖T恤篮球服健身速干衣羽毛球男士足球装跑步服短裤训练休闲夏天春秋 黑色套装 L 【165-175cm】【130-150斤】,99.00
爱侬吾依服饰专营店,JEEP吉普短袖T恤男polo新款男士夏季男装商务休闲翻领半袖打底衫户外运动上衣体恤纯色工作服订制印 黑色 XL,89.00
七武海服饰官方旗舰店,七武海夏季男士短袖t恤撞色男装半袖宽松衣服大码冰丝五分袖印花打底衫潮流卫衣夏装上衣青少年学生潮牌体恤 81144-海蓝 M,69.00
AEMAPE京东自营官方旗舰店,美国苹果 AEMAPE 夹克外套男2020秋季时尚韩版潮流宽松工装上衣男帅气休闲衣服夹克男装 黑色 M,128.00
吉普刹罗专卖店,吉普夹克男春秋季男士工装男装上衣外套休闲青年2021年新品款开衫运动茄克薄款运动 深灰 XL,298.00
teek旗舰店,TEEK长袖t恤男衣服 2021春季新款男装体恤上衣 青春时尚打底衫春装圆领卫衣 C178-白色 175/96(L码),85.00
花花公子利湖专卖店,花花公子秋季条纹长袖衬衫男潮流韩版修身春季商务休闲男装衬衣春秋装免烫抗皱上衣上班春装 灰色 XL/130斤下,159.00
Golden Fourmen海外专营店,"京东国际
阿玛尼（GIORGIO ARMANI）奢侈品男装 男士EA鹰标萌熊休闲圆领短袖T恤衫 藏蓝色 L",629.00
南极人聚佳信专卖店,南极人 夹克男修身外套男士加绒加厚时尚休闲连帽茄克男生帅气厚款外衣男工装短款棒球服上衣男装 1208蓝色常规 XL,109.00
南极人熙尊专卖店,南极人长袖t恤男2020秋季新品薄款宽松休闲男生衣服打底衫潮流卫衣男装假两件秋装 072深灰色 XL,79.00
吉普古乐专卖店,吉普JEEP卫衣男2020新品男士加绒宽松大码长袖圆领套头T恤运动休闲时尚棉质打底衫潮流男装上 7602灰色 L /175( 120-135斤),148.00
幻夕兔旗舰店,幻夕兔短袖t恤男宽松韩版衣服潮流港风打底衫棉男士体恤半袖内搭上衣 黑色【短袖】0000 XL码 174-180CM 140-160斤,79.00
南极人迪卡专卖店,南极人 夹克男2020韩版修身连帽夹克青少年男士潮流百搭运动上衣服加绒帅气褂子 205 小方块黑色 XL,89.00
七匹狼京东自营官方旗舰店,七匹狼夹克 男士2021春季户外运动外套【防泼水】面料连帽茄克衫青年男装衣服 103(灰蓝) 175/96A/L,499.00
南极人京男专卖店,南极人夹克男休闲外套宽松时尚潮搭男士上衣撞色潮流牛仔夹克2021潮牌男装潮男休闲薄款 DF12灰色 XL,138.00
飞讯运动专营店,昇亿 运动套装男士健身服秋冬季运动服速干衣短袖紧身衣健身裤春夏季跑步篮球训练弹力压缩衣健身房 黑夜传说（拼接短袖五件套） XL,99.00
玛斯梵尼旗舰店,玛斯梵尼男士春装外套男夹克2021春秋新品新款连帽卫衣韩版衣服休闲潮流春季青少年学生运动裤子T恤套装 2190黑色（两件套 XXL,148.00
稻草人（MEXICAN）男装京东自营专卖店,稻草人 MEXICAN 卫衣男春秋季连帽宽松套头衫长袖t恤潮牌时尚百搭字母印花男装上衣 深灰 M,68.00
北极绒男装京东官方自营店,北极绒（Bejirong）外套男春秋季韩版潮流衣服男士棒球领牛仔夹克男工装上衣 ZYGD-BJ84 灰色 XL,148.00
孜曙旗舰店,孜曙外套男宽松春季新款韩版潮流百搭男士工装休闲连帽夹克男潮牌男装学生薄款加肥加大码胖子拉链衫男 深灰色 XL,138.00
南极人智海专卖店,南极人外套男2020秋季夹克男装新款冬季潮牌工装棉衣男士修身连帽卫衣休闲风衣潮流加绒棉男上衣潮 2031黑灰 L,124.00
吉普基双专卖店,JEEP吉普男装夹克衫男士外套春装男户外衣服加绒加厚立领上衣休闲保暖短款韩版工作服定制LOGO 卡其（常规） 2XL(150斤以内可穿),158.00
稻草人男装服饰京东自营专区,稻草人（MEXICAN）卫衣男2021春季青少年圆领长袖体恤男装韩版潮流帅气上衣服 粉色 2XL,99.00
九型门官方旗舰店,九型门 短袖t恤男潮牌宽松夏季原宿风学生半袖体恤ins潮流韩版百搭男士五分袖上衣 白色 L,59.00
艾伦伯顿官方旗舰店,艾伦伯顿 运动套装男春季高弹紧身速干衣健身跑步服训练篮球装备户外春秋运动服饰 一套在手，四季无忧【速干透气】6件套 XL(130-150)斤,169.00
花花公子（PLAYBOY）男装京东自营专卖店,花花公子( PLAYBOY )夹克男春秋季外套男潮牌工装男士宽松连帽休闲帅气韩版潮流上衣潮 KXP-J129 湖绿 XL,242.10
花花公子柚子专卖店,花花公子 【两件套】衬衫男2021夏季新款潮流时尚简约百搭纯棉衬衫七分袖短袖日常休闲轻薄上衣男装 8829黑+8829灰 L,158.00
南极人六月专卖店,南极人夹克男短款连帽防风外套2021春秋季潮流百搭宽松休闲衣服男士外套春装青年学生潮牌时尚男装上衣男 1208黑色 XL,128.00
啄木鸟意大鹿专卖店,3年包退！啄木鸟正品男装新款加绒长袖T恤 男冬季打底衫,99.00
花花公子独依心裁专卖店,花花公子短袖衬衫男士上衣服纯色半截袖夏季新款免烫透气商务休闲潮流轻薄款时尚百搭正装半袖衬衣男装 1807黑色(A221) XL（130-140斤）,125.00
宝鹏男装专营店,(两件装）青邦 春夏防嗮衣夏季超薄防晒衣服夏天外套男潮流休闲皮肤衣男夏装防紫外线钓鱼服 2083白色+2081灰色 XL,98.00
银色黎明旗舰店,银色黎明网红卫衣外套男春季韩版潮流帅气百搭休闲上衣服ins潮牌港风宽松夹克 浅蓝配卡其 L,98.00
AEMAPE男装京东自营旗舰店,AEMAPE 男士长袖衬衫春季衬衣服潮流男装上衣外套衣服男KXPG19 白色 XL,118.00
南极人京男专卖店,南极人夹克男宽松时尚简约商务休闲夹克立领外套宽松舒适百搭潮牌男装上衣棒球服潮牌春秋薄款 Z9877黑色 XL,138.00
慕藤服装专营店,【买一送一 两件装】防晒衣男 薄款防晒外套男夏季防晒服男户外运动旅行透气防晒夹克外套男 2081灰+2081黑 XL,99.00
引创官方旗舰店,引创短袖t恤男港风潮牌夏季ins超火韩版百搭半袖体恤宽松圆领白色衣服男 白色 L,58.00
豪珠官方旗舰店,豪珠高档春秋季运动套装男2021中年男装休闲三件套运动服男士春季卫衣套装中老年运动套装男棉 黑色59【运动三件套春秋款】 3XL建议160-180斤,695.00
EMPORIO ARMANI官方店,阿玛尼EMPORIO ARMANI UNDERWEAR奢侈品男装EA男士棉内裤(三条装) 111734-0A717 藏青色 M,336.00
铁虎风暴旗舰店,铁虎风暴2021新款百搭棒球服外套男春秋季韩版学生潮流炸街痞帅潮牌夹克男士ins百搭宽松上衣 白色1棉质 XXS30斤,98.00
南极人六月专卖店,南极人夹克男士春装上衣男韩版潮流工装休闲外套连帽2021春秋季青年学生潮牌时尚男装宽松 9002黑色 XL,158.00
宾色旗舰店,男士短袖t恤莫代尔透气潮流印花T恤男修身夏季新款印花半袖衣服丅恤宾色 108宝蓝色 4XL【190-210斤】,79.00
两岸花官方旗舰店,【100%纯棉】短袖t恤男 纯棉半截袖衣服圆领休闲宽松潮初中学生胖青年大码新品纯色夏季体恤汗衫 白色+黑色+暗红色 XL码,79.00
JEEPSPIRIT员创专卖店,Jeep防晒衣男女2021春夏季轻薄款皮肤衣速干男女款连帽夹克情侣休闲外套运动皮肤男女户外透气 灰色男款 XL,158.00
J-VAN官方旗舰店,J-VAN春季夹克男士外套春秋工装休闲上衣服T恤裤子套装青少年男装春装棒球服潮流卫衣秋季短款潮牌风衣 3件丨春秋款丨20蓝色+T恤+裤子 XL,138.00
马克华菲康百专卖店,马克华菲夹克男潮流刺绣棒球服2021春季新款休闲男士外套春秋男装 黑色311 175/92A/L,478.00
斑点屋服饰旗舰店,短袖t恤男2021新款夏季韩版潮流圆领五分袖T恤学生宽松半袖纯棉上衣服体恤ins港风潮牌卫衣 T66白色 M,57.00
凯信服饰专营店,阿诺顿短袖体恤男2020新款夏季男士短袖T恤韩版宽松学生男圆领潮流体恤半袖衣服男装 G3094脸谱灰 S 建议 80/100斤,29.00
杉杉官方旗舰店,FIRS杉杉 长袖衬衫男 2021春季长袖衬衫男纯棉液氨免烫商务休闲衣服新疆长绒棉 纯蓝 40,196.00
富铤（FORTEI）男装京东自营旗舰店,富铤 FORTEI 夹克男士韩版潮流百搭时尚夹克宽松休闲青年外套衣服男DXX1869 灰色 XL,158.00
ARMANI EXCHANGE官方店,阿玛尼ARMANI EXCHANGE奢侈品男装21春夏AX男士POLO衫 8NZF80-Z8H4Z-21S BLACK-1200黑色 L,610.00
吉普JEEP贝易专卖店,吉普（JEEP） 短袖t恤男衬衫领半袖夏季2020韩版潮流修身翻领polo衫男体恤夏天 湖蓝色 XL（建议123-138斤）,128.00
鳄鱼恤CROCODILE京东自营专卖店,鳄鱼恤 CROCODILE 夹克男春季新潮连帽外套男时尚防风风衣男休闲帅气工装衣服男 YL 806 卡其 L,158.00
花花公子男京专卖店,花花公子长袖T恤男卫衣体恤内搭上衣服打底衫休闲印花圆领男装 108深灰 2XL,139.00
YUHENG海外专营店,"京东国际
阿玛尼奢侈品男装 大波动鹰圆领短袖T恤上衣 男士国际名品服装 藏蓝色 L 适合150斤内",410.00
佐叙男装官方旗舰店,@佐叙夹克男2021春季新款连帽男士韩版上衣外套青春休闲港风青年男装夹克潮牌帅气百搭男装 CYJK2122黑色 XL,138.00
南极人安丞专卖店,南极人棉衣男冬季新款棉服男加厚保暖外套男韩版潮流工装夹克男防寒羽潮牌绒服棉袄子百搭连帽男冬装 1011黑色 L,151.00
花花公子柚子专卖店,【两件套】花花公子 短袖t恤男套装衣服短裤子休闲裤五分裤5分裤夏季半袖男装潮牌宽松运动服装上衣 灰色 L,139.00
南极人岳氏专卖店,南极人衬衫男2021春季新品长袖T恤男韩版修身外套男士休闲上衣服男港风潮流百搭拼色格子衬衣男 CS1919红黑格 XL,98.00
花花公子纤缤专卖店,花花公子夹克男士外套男春秋季新款休闲中青年学生外衣上衣服百搭运动加绒加厚透气男装 深灰色（不加绒） XL（125-140斤）,169.00
南极人圣力专卖店,南极人夹克外套男2021年春季新款纯色修身休闲百搭大码男装上衣薄款棒球服 黑色(2399) 请拍正确尺码2399偏小一码,128.00
步华服装专营店,@古莱登春秋外套男韩版潮流宽松夹克棒球服潮牌ins休闲秋装原宿风上衣复古港味夹克外套 灰色 XL,44.90
乐希源男装专营店,【99元2件】防晒衣服男士2020新款春秋夏季韩版潮流钓鱼透帅气夹克薄款外套 【2081蓝色+2082白色】 XL,99.00
熊猫·本benpanda官方旗舰店,熊猫本 春季新款棒球服男休闲潮流纯棉绣花黑色学生帅气复古外套 卡其色 175/L,319.00
深沉者旗舰店,深沉者 夏季t恤男士短袖趣味卡通潮牌潮流ins宽松半袖上衣百搭超火可爱五分袖衣服 白色 L,72.00
花花公子诚乐专卖店,花花公子夹克男春秋旗舰新款男装薄款棒球领上衣茄克服装韩版商务休闲潮中青年立领外套男 Y22101-黑色 175/L 推荐115-135斤,269.00
花花公子官方旗舰店,花花公子短袖衬衫男士2021春夏季新品休闲格子潮流修身翻领条纹衬衣男装上衣服 8551灰色 XL,139.00
南极人六月专卖店,南极人夹克男士防风外套潮流字母印花连帽工装衣服2021春季新品青年学生潮牌宽松休闲上衣春秋 2073白黑 XL,158.00
南极人羽绒服旗舰店,南极人春款卫衣连帽男士春季2021潮牌ins外套休闲宽松上衣服男装帽衫 深灰色 XL,89.00
扎特维希官方旗舰店,扎特维希夹克男2021春秋加绒加厚男装外套男士大码胖子连帽青年韩版休闲工装修身褂子男生上衣棒球服 黑色 XL,99.00
富贵鸟耀万专卖店,富贵鸟短袖t恤男装2021夏季新款半袖打底衫短袖男潮牌夏装白色圆领衣服男纯色T恤男内搭棉质夏天上衣 白色 XL,98.00
花花公子（PLAYBOY）途震专卖店,花花公子（PLAYBOY） 2020新款皮衣男翻领机车服外套潮男士海宁春秋皮夹克修身韩版帅气 PU02款黑色 M,309.00
南极人衣流专卖店,南极人 外套男2021春季新款男士上衣韩版潮流修身工装潮牌运动衣服加绒加厚夹克男装外套 2010灰色 XL码,109.00
九型门官方旗舰店,九型门 秋季外套男潮流宽松青少年连帽棒球服男生夹克ins潮牌休闲百搭大码褂子男装 杏色 L,127.00
teek旗舰店,TEEK短袖T恤男2021春夏装新款 男生潮衣服半袖体恤 男士上衣打底衫 HS359-白色 170/M,78.00
A21官方旗舰店,以纯线上品牌A21夏季新款男装衣服 白色男士休闲卡通T恤圆领潮男短袖上衣 特白 175/88A/L,69.00
七匹狼官方旗舰店,【新疆棉】七匹狼短袖T恤男士2021新款圆领体恤衫男时尚图案印花休闲宽松版纯棉舒适男装夏装上衣L 001(黑色) 175/92A/XL,195.99
纪诗哲服装旗舰店,纪诗哲(GIEVSZHE)品牌男士外套2019秋季新款连帽中长款夹克潮流休闲衣服男风褂子 灰色 M,1896.00
艾伦伯顿官方旗舰店,艾伦伯顿 运动套装男健身服速干冰丝夏季跑步休闲装球衣户外防风衣薄款 【超薄速干】灰三件套 XL(145-165)斤,149.00
舞新旗舰店,舞新防晒衣男2021夏季薄款透气防晒衣韩版休闲防晒服男女青年运动户外皮肤衣外套男钓鱼服 黑色 防晒 L,89.00
鳄鱼恤CROCODILE京东自营专卖店,鳄鱼恤 CROCODILE 夹克男士修身春季韩版潮流防风衣服男时尚帅气连帽男装外套男 YF 1203 浅灰绿 XL,168.00
吉登服饰专营店,侯七爷防晒衣男2021夏季新款超薄透气百搭外套夏天薄款钓鱼服潮流外套 上白蓝 M,79.00
南极人京橦专卖店,南极人卫衣男长袖T恤男士t恤圆领2021春秋新款学生青少年潮流韩版上衣服打底衫体恤小衫男装 1801白色 XL,89.00
乔瑞（泉州）服饰专营店,型徒【两件装】短袖T恤男 2021春夏季新品长袖情侣套头卫衣男纯色打底衫体恤外套内搭休闲韩版上 长款5520灰色+长款5527豆绿 M(偏大，建议95-115斤),118.00
南极人步泽专卖店,南极人外套男修身春季新款男士潮牌工装夹克男韩版潮流百搭个性复古上衣帅气型男男 灰色 XL,138.00
南极人羽绒服旗舰店,南极人工装夹克男外套青年休闲潮流男学生衣服男士春季男装 灰色. XL,138.00
焳然旗舰店,焳然外套男宽松2021新款春夏季新款男士拼接连帽工装夹克男韩版学生百搭休闲外穿衣服男 豆绿色 XL,118.00
布鲁森服饰旗舰店,布鲁森 外套男春季新款ins时尚排扣宽松百搭男士夹克青少年棒球服韩版潮流工装上衣 黑色JK3011 S,119.00
吉普伟奈专卖店,JEEP吉普卫衣男长袖T恤男士打底衫春秋冬季新款秋装秋衣圆领纯色休闲体恤男装学生中青年上衣 1606黑色 XL（125-140斤）,118.00
格斯岚帝旗舰店,格斯岚帝 短袖T恤男士夏季韩版新款青少年学生潮牌半袖衣服男卫衣男五分袖打底衫印花上透气圆领汗衫体恤 海蓝2003 XL,69.00
哈鲁迪男装官方旗舰店,@哈鲁迪夹克男2021春季新品立领潮流春装上衣港风休闲男装棒球服外套男青春时尚夹克潮男纯色夹克 CYJK2126黑色 XL,138.00
佳想（JIAXIANG）京东自营旗舰店,佳想（JIAXIANG）短袖t恤男100%纯棉休闲圆领宽松半袖运动印花百搭打底衫男上衣 T-b212 黑色 不忘初心 XL,35.00
宾绸服饰旗舰店,宾绸夏季潮牌短袖t恤男韩版新款半袖学生帅气体恤港风宽松百搭上衣服 深灰色 L,58.00
杜小闲官方旗舰店,杜小闲 外套男春秋韩版潮流棒球服春季潮牌港风宽松夹克ins百搭炸街帅气衣服男 J6302深蓝色 L,106.00
花花公子官方旗舰店,花花公子外套男夹克2021春夏季新品韩版潮流休闲工装男装服饰中青年立领百搭男士上衣 卡其 M,269.00
名狮顿男装旗舰店,(买一送一 99元两件）防晒衣男薄款防晒服夹克春夏季韩版外套户外运动旅行防晒透气防晒男上 F01灰色+F01下蓝 XL,99.00
幻夕兔旗舰店,幻夕兔权志龙同款小雏菊情侣装短袖T恤男宽松BF风情侣装潮牌t恤邹菊衣服男女 黑色【短袖】0428 XL码 174-180CM 140-160斤,79.00
Jeep瀚晟同创专卖店,JEEP 吉普运动套装男装夏季长袖长裤短袖健身服篮球服运动服速干透气跑步服 灰色(短袖) XL,168.00
布先生旗舰店,布先生 男t恤 短袖经典翻领男装季商务休闲polo男装 衣服打底衫AT10388 咸菜绿 M/170,187.00
七匹狼（SEPTWOLVES）京东自营专区,七匹狼夹克男2021春季新款男士休闲净色外套男装棒球领茄克衫防风衣服男式上衣,499.00
骆驼运动京东自营旗舰店,骆驼(CAMEL) 骆驼运动套装休闲外套长袖长裤两件套跑步健身男运动服 C8W2YL6630 黑色 XL,209.00
乐希源旗舰店,防晒衣男夏季外套男薄款夹克皮肤衣超薄透气速干夹克外套 8k灰色+纯白T恤 XL,68.00
汤米雄狮旗舰店,汤米雄狮短袖t恤男士中袖潮流宽松半截袖圆领撞色五分袖夏季新品简约上装衣服印花打底衫 深灰(2633) 2XL(145-160斤),69.00
A21官方旗舰店,以纯线上品牌A21秋季新款男装 字母图案长袖简约韩风卫衣衫潮男圆领上衣 黑色 175/88A/L,129.90
teek旗舰店,TEEK短袖t恤男 2021春新季款打底衫男士体恤 白色青年印花上衣服 天蓝色 175/96(L码),88.00
木林森金甲专卖店,木林森短袖T恤男夏季新款男装圆领半袖体恤衫男士休闲透气五分袖t恤男夏天汗衫短袖打底衫上衣男 KXP 230白色 L,79.00
吉普聘驰专卖店,JEEP吉普T恤男薄款半袖上衣男装新品春夏衣服男士体恤装中年polo男潮牌休闲打底衫翻领条纹运动上衣 黑色T166 XL（130-145）斤可穿,118.00
俞兆林樊迪专卖店,俞兆林 中年男装爸爸春装外套40岁50中老年人翻领夹克男宽松大码衣服2021春秋新款 蓝色 关注店铺优先发货,158.00
VERSACE JEANS COUTURE京东自营官方旗舰店,范思哲Versace Jeans Couture奢侈品男装21春夏男士生肖印花T恤 新年限定款 B3GWA7TH-30319 RED-O19红色 M,899.00
李宁滕吉（滕州）专卖店,李宁运动套装男装春季夏季短裤短袖健身服篮球服运动服速干透气跑步服 黑/新基础黑（速干） L/175,97.00
卡帝乐鳄鱼（CARTELO）男装京东自营专卖店,卡帝乐鳄鱼短袖T恤男2021夏季潮牌圆领打底衫男士半袖T恤学生五分袖上衣透气宽松运动休闲 白色 XL,138.00
太子龙男装京东自营专区,太子龙 TEDELON 夹克男韩版男士休闲褂子外套男装风衣男工装夹克衫男潮流衣服男 WLZT8609 灰白色 L,168.00
南极人木悠棉专卖店,南极人短袖t恤男2021夏季新款港风圆领印花潮流体恤半袖丅打底衫大码衣服宽松 DF387白色 M,68.00
伟兆嘉业服饰专营店,银色黎明棒球服外套男春秋韩版潮流ins原宿风学生百搭潮牌宽松夹克2021年新款 黑色 L,118.00
Jeep服饰内衣旗舰店,JEEP 吉普短袖T恤男春季男装半袖上衣圆领修身半截袖潮牌运动体恤打底衫休闲短袖青年夏装 9016白色 XL码,99.00
七匹狼官方旗舰店,七匹狼短袖T恤2021夏季新款时尚休闲男士纯色翻领吸湿排汗男装衣服上衣体恤衫短袖保罗衫男 101(藏青) 175/92A/XL,236.00
引创恋博专卖店,引创短袖t恤男夏季韩版ins港风潮流宽松半袖体恤衣服男士五分袖上衣潮牌T恤打底衫 T202果绿色 L,65.00
花花公子帝朗专卖店,花花公子防晒衣男2021春夏季新款透气防晒情侣皮肤衣韩版男士防紫外线防晒服户外超薄防风夹克外套 白色 XL,139.00
AEMAPE苹果男装京东自营专区,AEMAPE 短袖t恤男装夏季休闲圆领打底衫潮流百搭衣服男士t恤T342 粉绿 XL,99.00
稻草人男装服饰京东自营专区,稻草人（MEXICAN）卫衣男连帽韩版春秋款男士长袖外套打底衫上衣服 黑色 XL,99.00
起蛰旗舰店,起蛰港风ins卫衣男连帽宽松春季新款上衣服学生韩版潮流情侣装外套 白色 XXL,99.00
遥渠男装专营店,【遥渠】牛仔夹克男春秋季2020新款韩版潮流休闲男装春装破洞衣服潮牌外套 浅蓝 175/XL,88.00
吉普都市专卖店,吉普（JEEP）夹克男棉服男装外套男连帽多口袋休闲工装褂子棒球服上衣特大码 0160连帽卡其色不加绒 M,266.00
南极人驰骋专卖店,【2件装】南极人 短袖t恤男士修身宽松春夏季白色潮流打底衫情侣装衣服半袖圆领上衣体恤内搭T恤男装 【2件装】1006绿蜜蜂白+6036鞋黑 L,79.00
富铤（FORTEI）男装京东自营旗舰店,富铤 FORTEI 夹克男士春季潮流韩版宽松青年衣服男工装外套男 JSWZ1005 黑色 XL,198.00
南极人京男专卖店,南极人夹克男休闲外套春秋款男装青年时尚简约潮流连帽外套工装冲锋衣宽松休闲百搭潮牌印花 0727浅灰 XL,138.00
热艳动兹达兹专卖店,热艳 短袖T恤男宽松夏季新款男士t恤休闲上衣服潮牌韩版纯棉半袖潮流打底衫体恤衫五分袖大码男装 3758白色+3758黄色 XL（建议125-140斤）,99.00
鲁宾克磐洛专卖店,鲁宾克 夹克男韩版潮流春季新款男装外套男士休闲工装排扣夹克男青年港风学生帅气时尚运动棒球服上衣潮 黑色 XL,79.00
富贵鸟FUGUINIAO服饰旗舰店,【两件装】富贵鸟短袖t恤男士2021春夏季新款潮流白小t青年休闲男装上衣服打底衫 白色 M,99.00
元森博优服饰旗舰店,元森博优短袖t恤男士夏季新款圆领宽松半袖港风潮牌潮流衣服男T 黑色【短袖】数字7 L 165-178CM 61-71KG,69.00
J-VAN官方旗舰店,J-VAN 春季男士卫衣套装男连帽潮流运动休闲青少年男装春秋宽松帽衫外套长袖t恤2021春季潮牌 9083黑【春秋 XL,76.00
锦森服饰专营店,【防紫外线】帝黛品牌防晒衣男2021新品男装防晒服女情侣外套薄款防晒衫男士宽松夹克沙滩皮肤透气夏款 白色款【男版1887】 注意【请选择需要的,69.00
悠郎运动专营店,【两件套】安踏运动套装男装上衣短袖短裤男2021夏季舒适运动服t恤跑步服运动裤篮球休闲健身男 -2纯净白/基础黑【店长推荐】 L/175,99.00
浅咫旗舰店,浅咫外套男宽松春夏季男士薄款灯芯绒工装衬衫式夹克男潮牌男装百搭休闲运动服饰潮流男生上衣开衫衬衣男 CS03 灰色 XL,128.00
佐叙男装官方旗舰店,@佐叙夹克男2021春装新品拼色立领潮流时尚男上衣外套青春休闲港风青年学生夹克潮牌帅气百搭男装 CYJK2125深灰 XL,138.00
仕季旗舰店,仕季长袖t恤男春季圆领套头男装T恤卫衣男韩版潮流百搭休闲秋衣服体恤打底衫上衣男 白色 XL,88.00
PLAYBOY花花公子鞋类旗舰店,花花公子卫衣套装男2021春季新款男士上衣服男休闲连帽卫衣潮牌运动束脚工装裤套装青年帅气搭配一套男装 HTLB-303红色 M,198.00
锦森服饰专营店,【夏款】帝黛品牌防晒衣男2021新品男装防晒服女情侣外套薄款防晒衫男士宽松夹克沙滩皮肤透气潮牌 白色【2046款】 注意【请选择需要的款式,49.00
坚心男装专营店,凡迪时尚 很酷炫的反光衣外套男潮春秋薄款发光夜光冲锋风衣日系潮流学生3M反光男女荧光外套 黑印花 XL,55.00
蒂玛服饰专营店,男士短袖t恤纯棉宽松圆领半袖白T夏季男装大码体恤潮流潮牌上衣服 铁灰色 XL,29.00
思佰秀服饰专营店,古莱登春秋夹克外套男潮流日系复古帅气百搭宽松飞行员休闲棒球服 黑色 M,118.00
富贵鸟海心专卖店,富贵鸟衬衫男2021春夏季新品七分袖休闲外套男韩版潮流半袖衬衫上衣学生百搭短袖 8829灰色 M,118.00
七匹狼搜客专卖店,七匹狼短袖T恤男2021夏季新款纯棉体恤衫潮流男士半袖翻领POLO保罗衫品牌休闲商务中年男装上衣服饰 101藏青色 175/92A/XL,176.00
飞力男装服饰专营店,古莱登棒球服男立领外套宽松印花教练夹克潮棒球服夹克男ins情侣款潮流韩版运动胖子大码外套 黑色 XL,139.00
都佐&琼斯旗舰店,都佐琼斯夏季短袖男t恤韩版潮流上衣服男装悟空印花学生半截袖体恤内搭男 黄色 L,45.00
吉普奕杨专卖店,吉普(JEEP)防晒衣男2020夏季新品超薄透气连帽夹克男外套宽松大码户外钓鱼防晒 深灰色 XL（130斤-150斤）,168.00
花花公子斯维专卖店,【两件装】花花公子衬衫男韩版时尚修身商务休闲西装衬衣免烫抗皱潮流帅气上衣纯色百搭打底衫 S108白色+S108蓝色 XL,139.00
万益服饰专营店,轩斯顿 短袖T恤男士春夏季新款帅气韩版时尚休闲半袖修身上衣服青年学生打底衫男装 712 卡其 XL,79.00
爵谱旗舰店,爵谱 短袖t恤男夏季新款港风休闲宽松百搭潮牌五分袖上衣ins超火cec原宿风半袖男 桔红色 L,69.00
华见服饰专营店,古莱登短袖T恤男港风ins潮牌百搭2021春夏新款情侣半袖学生男女短袖时尚宽松体恤打底衫衣 白色 L,58.00
安踏悠购专卖店,【两件套】安踏运动套装男短袖2021春夏季款七分裤半袖休闲运动服饰速干圆领打底衫跑步健身户外 -1A001纯净白/金标 L/175,167.99
GUUKA官方旗舰店,GUUKA古由卡潮牌横须贺刺绣棒球服男2021春秋新款国潮日系嘻哈原宿vibe风插肩立领夹克外套 深蓝 XXL,449.00
GUUKA官方旗舰店,GUUKA古由卡潮牌拼接撞色棉衣男连帽2020冬季新品翟潇闻同款日系嘻哈烫印工装宽松棉中长保暖外套 藏蓝 XXL,668.00
舞新旗舰店,舞新防晒衣男2021夏季防晒衣男情侣款防晒服沙滩速干皮肤衣钓鱼服轻薄外套 上黑下白 M,79.00
南极人宝格专卖店,南极人 防晒衣男2021年夏季新款时尚连帽薄款夹克男外套潮流青年外卖员防晒服夏天薄款外套男装皮肤 蓝色 XL,88.00
南极人迪卡专卖店,南极人 防晒衣男2021夏季新款防晒服男士防晒衣男 时尚潮流防晒服1903 白色 XL,89.00
俞兆林雅梦祺专卖店,俞兆林男装跑步运动服三件套2021春秋季新款中年商务休闲套装宽松大码父亲装中老年长袖外套卫衣长裤 TTH-10390黑色【三件套】 XL(建议120-140斤左,246.00
花花公子塔宾专卖店,花花公子PLAYBOY衬衫男长袖秋季韩版潮牌潮流帅气格子衬衣休闲修身新秋装上衣外套条纹衬衫商务男装 G37深灰色 XL,139.00
木林森金甲专卖店,木林森夹克男士2021春季新款韩版潮流中学生工装帅气宽松立领棒球服外套男 6613豆绿 L,138.00
老爷车艾菲尔专卖店,香港老爷车中老年夹克男2021春秋新款干部夹克男士外套宽松中年男士茄克爸爸装薄款男装父亲 黑色 L,168.00
舞新旗舰店,舞新防晒衣男2021夏季新款男士连帽防晒服薄款夹克男外套宽松学生沙滩情侣款防晒男装 灰色 防晒 3XL,89.00
慕藤服装专营店,【买一送二 夹克+裤子+T恤】外套男 2021春季新款男装薄款连帽夹克外套男士衣服外套 黑+黑裤+T恤 XL+裤31,168.00
潮龙涧男装专营店,【超值 3件装】夹克男外套 春装季新款男士韩版修身连帽男装季工装运动套装男上衣 JK601黑灰色(三件套) 3XL,138.00
南极人至初专卖店,【两件装】南极人短袖T恤男2021春夏季新款t恤男装韩版潮流男士打底衫半袖纯棉印花休闲体恤套装男 2005卡其+2006黑色 L,99.00
富贵鸟海心专卖店,富贵鸟衣服男士夏季韩版潮流短袖t恤男装休闲上衣夏天青年翻领Polo透气体恤衫 深灰 M,99.00
特步悠达专卖店,特步男装运动短袖t恤衫2021春夏四季新款透气潮流修身男士休闲速干棉显瘦百搭上衣跑步运动健身经典 【店长推荐】白色-logo圆领(速干)四季基础,53.00
南极人铭图专卖店,【两件装】南极人短袖t恤男夏季 2021新品短袖男士T恤韩版潮流纯棉打底衫半袖印花休闲体恤男装上衣 2130深灰+2102白色 L,89.00
衣品男服饰专营店,【三件套】【夹克+T恤+裤子】外套男2021春秋季男装时尚休闲男士夹克外套男 806黑+T恤+枫叶裤 XL,138.00
风之衫服装专营店,格斯岚帝 三件套春季外套男士夹克2021连帽潮流青少年学生工装上衣服男牛仔风衣休闲卫衣裤子套装春秋 蓝色8079(三件套) XL,138.00
衣品男服饰专营店,【三件套】卫衣男休闲运动套装2021春秋季男装男士青少年潮流休闲运动服饰情侣卫衣套装男 175黑三件套 XL,128.00
诚谊服饰专营店,【正常发货纯棉4件】短袖t恤男纯棉半截袖衣服圆领休闲宽松潮初中学生印花胖青年大码新品纯色夏季体恤汗衫 四格白+KY蓝+SP灰+海Z黑 L建议120-135斤,99.00
南极人智途专卖店,【三件装】南极人短袖T恤男2021春夏季新款纯棉打底衫男韩版潮流五分袖t恤上衣半袖体恤套装男潮 【三件装】白/可口可乐+黑/鹿角字母+灰/拳,99.00
南极人布克专卖店,南极人T恤男短袖2020春季新品休闲港风大学生宽松时尚上衣服男女圆领套头半袖纯棉透气大码汗衫 水绿色(柯基男孩) L【推荐120-130斤左右】,49.90
皇童男装专营店,TOBAAT外套男春秋季新款男装连帽夹克男青年韩版潮流秋装上衣男士棒球服男款休闲短轻薄外套夹克 上蓝下白 XL,89.00
千途帝旗舰店,千途帝 春季夹克男士外套秋冬季加绒加厚工装衣服套装棉羊羔绒男装冬装牛仔潮流卫衣连帽开衫青少年短款风衣 3件套春秋】77款卡其 +T恤+裤子 XL,128.00
欣迈隆旗舰店,欣迈隆 短袖t恤男夏季新款男士T恤韩版棉质潮流纯色圆领宽松打底衫春装半截袖休闲体恤夏天男装上衣 MYY2130深灰色 XL,49.00
郎曼伦旗舰店,郎曼伦 夹克男外套春秋季新款青少年男士韩版修身初中生连帽学生工装运动套装男上衣男装 TZ601黑灰色三件套 L,118.00
百嘉服饰专营店,宾迪豹 夹克男外套春秋季衣服男装休闲外衣连帽褂子韩版修身潮流新款青年学生帅气上衣棒球服 2021黑色 XL（120-130斤）,138.00
格斯岚帝旗舰店,格斯岚帝 短袖T恤男士夏季韩版新款青少年学生潮牌半袖衣服男卫衣男五分袖打底衫印花上衣透气圆领汗衫体恤 海蓝2003 XL,69.00
凯撒（KAISER）服饰京东自营旗舰店,【京东自营】2021新款短袖T恤男,89.00
千泽服装专营店,简柯林外套男春秋装衣服男士修身工装学生上衣青年夹克男春装休闲韩版潮流夹克衫棒球服男 A518白色 L,99.00
皇童服饰专营店,Robbye外套男春秋季夹克男衣服韩版潮流修身休闲服饰男生工装外套棒球服男上衣时尚情侣装男短外套 J1869黑色 XL,108.00
百嘉服饰专营店,宾迪豹 短袖t恤男宽松圆领汗衫夏季半袖衣服男装打底衫学生韩版潮流个性帅气印花体恤 黑色 XL,78.00
千途帝旗舰店,千途帝 短袖t恤男装夏装夏季冰丝潮牌宽松半袖休闲时尚潮流五分中袖圆领大码男装卫衣速干半截袖体恤上衣 3778 白色 XL,58.00
J-VAN官方旗舰店,J-VAN 春装上衣服套装男士夹克外套男春季工装青少年春秋潮流牛仔卫衣学生休闲棒球服褂子短款男装风衣 单夹克-55黑 XL,78.00
吉普昆谷专卖店,JEEP吉普防晒衣男夏季皮肤衣男士外套薄夹克防晒服新款旅游透气男装户外速干上弹力垂钓防紫外线超薄 YSF5202灰色（连帽） XL,188.00
企途旗舰店,企途[2件装]短袖T恤男2021新款夏季t恤男装打底衫卫衣长袖秋衣春装男士上衣套装五分半袖男装j夏装 3005雾蓝+3003白蓝 XL,98.00
北极绒四夕专卖店,北极绒 夹克男春秋季新款男士外套修身韩版潮流休闲帅气春秋工装男式茄克立领上衣男装 67002深灰(常规款) XL,158.00
南极人智海专卖店,【四件装】南极人短袖t恤男春夏季新品短袖男装韩版潮流男士纯棉打底衫半袖纯色T恤男休闲体恤套装上衣男 【四件装】白+黑+黄+蓝 L,89.00
衣品男服饰专营店,【三件套】【夹克+T恤+裤子】外套男2021春秋季男装男士休闲运动套装潮流连帽工装夹克外套男上衣 601卡其黑三件套 XL,138.00
木鑫服饰专营店,诗翁 港风t恤男宽松超火ins上衣潮流潮牌短袖男装20新款夏学生衣服男 T恤 T03白色 L,19.89
奥帝洛姿服饰专营店,【三件套】卫衣套装男士春秋装运动服套装青少年休闲运动套装潮流外套秋装男装 175灰色三件套 XL建议120-130斤,128.00
南极人御景成专卖店,南极人男士防晒服夏季连帽防嗮衣服户外透气超薄冰丝速干遮阳运动夹克轻薄外套男防紫外线防晒 F2081灰色 XL,69.00
噜啡运动专营店,李宁T恤男短袖衣服篮球运动polo衫男士春夏季跑步健身速干衣足球体恤半袖运动装备高弹品牌训练 基础白-速干店长推荐 L(175),59.00
花花公子品牌旗舰店,花花公子短袖T恤男士2021春夏季新款韩版潮牌休闲修身Polo白小t恤打底衫服饰上衣男装 1812卡其 M,139.00
既咎旗舰店,既咎外套男宽松春夏季新款男士薄款个性印花衬衫式学生工装夹克衫男潮牌男装休闲上衣运动男 米色 XL,138.00
艾兰斯服饰专营店,保罗歌仕顿长袖T恤男2019秋季新款t恤男装青年圆领卫衣韩版打底衫体恤小衫上衣 903上白下灰 XL,59.00
衣品男服饰专营店,【三件套】【夹克+T恤+裤子】外套男2021春秋季男装时尚休闲男士夹克外套男 806黑+T恤+枫叶裤 XL,138.00
热艳旗舰店,热艳短袖t恤男春夏季新款宽松半袖T恤衫男休闲百搭男装上衣薄款透气五分袖打底衫男潮流色 MYY2130深灰+MYY2130黑色 XL,99.00
南极人京电专卖店,南极人polo衫男春夏季新品短袖潮流时尚上衣t恤男打底衫百搭休闲半袖衬衫领体恤男装潮流保罗衫 t125深灰 （ 标准尺码，可按尺码表推荐选,69.00
北极绒四夕专卖店,北极绒 夹克男春秋季新款男士外套修身韩版潮流休闲帅气男式工装立领上衣服男装 9802黑色(常规款) XL,158.00
休闲部落旗舰店,休闲部落 男士夹克春秋季立领外套男韩版青年上衣褂子男装衣服 8023青灰【春秋款】 XL/175（128-140斤,148.00
企途旗舰店,企途短袖t恤男士ins潮牌潮流宽松五分半袖2021年新款夏季男装衣服 1602浅蓝+1607浅蓝 XL,79.00
衣品男服饰专营店,【买一送一两件88】短袖T恤男 ins夏季男士T恤男短袖宽松男装潮流潮牌短袖男T恤男生打底衫上 1607白 XL,58.00
潮龙涧男装专营店,【超值 3件套】卫衣套装男春装男季运动套装2021新款潮休闲男装外套男衣服男服饰 801灰色(三件套) XL,128.00
艾兰斯服饰专营店,保罗歌仕顿 短袖t恤男夏季polo衫男士翻领短袖T恤韩版潮流修身半袖衣服男装 灰色黑 XL,49.00
南极人服装旗舰店,南极人夹克男春季男装修身外衣男士时尚休闲连帽冲锋衣男生春秋款帅气外套工装短款棒球服春装 1902黑色 XL,98.00
南极人服装旗舰店,南极人卫衣男春季休闲时尚男装男士修身长袖T恤上衣打底衫体恤男生情侣装圆领春装潮春秋款外套 850灰色 XL,59.00
潮龙涧男装专营店,【买一送三】短袖T恤男 夏季新品短袖男体恤男装大码衣服冰丝半袖潮流衣服 T10白+T11灰+T12黑+T13白 XL,99.00
凯撒（KAISER）服饰京东自营旗舰店,【京东自营】2021新款短袖T恤男,89.00
AEMAPE男装京东自营旗舰店,AEMAPE 短袖t恤男潮流休闲打底衫男生半袖清凉宽松衣服MD 海蓝色【2003】 XL,99.00
攀迪服饰专营店,古莱登春秋季夹克男潮牌百搭日系外套男潮流宽松工装夹克港风休闲上衣帅气棒球服 黑色 XL(双层宽松版),49.00
花花公子图念专卖店,花花公子外套男士春秋休闲上衣春季2021新款工装衣服潮流帅气男装夹克 MT-2110军绿 XL,269.00
步泽男装专营店,MR&NRB夹克外套男宽松春季新款男士字母印花条纹上衣衣服男潮流个性休闲运动男潮牌男装 深灰色 XL,148.00
都市行动服饰旗舰店,都市行动 外套男春秋季衣服男装外套休闲韩版潮流短款衣服男生青少年夹克男外套 JK898绿色常规 XL,108.00
花花公子柚子专卖店,【3件套】花花公子PLAYBOY短袖T恤2020新款青年牛仔裤套装男休闲运动宽松裤子男装潮牌 KXP-G06黑色 L,198.00
SWJEANS男装旗舰店,SW1960防晒衣男士防晒服夏季薄款休闲外套夹克男速干皮肤衣韩版潮流薄透气防晒情侣皮肤 1050-白色 XL,138.00
吉普刹罗专卖店,吉普卫衣男春套装大码套头圆领帅气两件套一套衣服男士2021年新品款潮流休闲修身 黑色 XL,198.00
富贵鸟海心专卖店,富贵鸟夹克男装外套2021春季新品男士简约休闲潮流青年舒适上衣服饰 2102卡其 M,138.00
梦迪蔻官方旗舰店,梦迪蔻 夹克外套男2020春季新款外套男士工装夹克韩版修身棒球服复古翻领潮外套休闲夹克外套男 W607灰色不加绒 XL,168.00
南极人羽绒服旗舰店,南极人夹克男外套连帽秋季男生潮流休闲宽松运动衣服男装男士风衣秋装 灰色.. XL,99.00
慕藤服装专营店,【买一送一 两件装】防晒衣男 薄款防晒外套男夏季防晒服男户外运动旅行透气防晒夹克外套男 2081灰+2081黑 XL,99.00
铁虎风暴旗舰店,铁虎风暴外套男春秋季连帽宽松炸街痞帅棒球服男帅气2021新款韩版ins潮流潮牌夹克学生 蓝色 XXS30斤,98.00
富贵鸟耀万专卖店,富贵鸟外套男士连帽夹克2021春秋季新款韩版潮流百搭冬装飞行工装休闲男装上衣冲锋衣情侣棒球服男 黑白格 XL,148.00
邦克利凡服饰专营店,尚伊湐夹克男外套男士春秋季薄款商务茄克衫加棉加厚棉服中年爸爸装休闲大码男装翻领中老年宽松褂子 1058卡其春秋款 XL【125-140】,158.00
Lee Cooper若迈风专卖店,Lee Cooper短袖T恤男夏季薄款潮流宽松半袖男士运动打底衫圆领t恤男装情侣装体恤潮牌 9050黑色+9050黑色 XL码,199.00
恒卓晟服装专营店,罗则 短袖t恤男装夏季冰丝潮牌夏装宽松半袖休闲时尚潮流五分中袖圆领大码男装卫衣学生半截袖体恤上衣 3040 豆绿 XL(140-160斤),59.00
袋鼠旗舰店,袋鼠 爸爸装外套男春秋季新款中年男士商务休闲翻领夹克40岁50中老年男装薄款老人春装上 29025藏青色 170【建议100-120斤】,168.00
太子龙男装京东自营专区,太子龙 TEDELON 夹克男休闲翻领牛仔工装外套男时尚宽松百搭风衣男士上衣男装HT 607 黑色 XL,148.00
花花公子官方旗舰店,花花公子卫衣男潮服2021春秋季新品男士t恤长袖圆领上衣服ins韩版宽松打底衫学生套头大码男装 雾霾蓝 M,139.00
华见服饰专营店,古莱登夹克外套男春秋新款休闲青少年韩版潮流大码男上衣宽松港风潮牌棒球服百搭帅气情侣工装外衣 蓝色 XL,118.00
锦天豪客旗舰店,男士t恤长袖内搭秋衣上衣 长袖T恤男2020新款港风百搭秋季宽松衣服男生潮流体恤潮牌ins T177 白色【长袖】01 L,22.00
八戒别闹服饰旗舰店,八戒别闹潮牌港风t恤男短袖新款夏宽松半袖潮流男装ins衣服 黑色--T0245 L 165-178CM 61-71KG,69.00
格斯岚帝旗舰店,格斯岚帝 短袖T恤男士夏季韩版新款青少年学生潮牌半袖衣服男卫衣男五分袖打底衫印花上透气圆领汗衫体恤 海蓝2003 XL,69.00
卡帝乐鳄鱼（CARTELO）男装京东自营专卖店,卡帝乐鳄鱼（CARTELO）短袖T恤男2021春夏季韩版青年商务休闲翻领上衣休闲polo衫 深灰色 XL,139.00
卡帝乐鳄鱼（CARTELO）男装京东自营专卖店,卡帝乐鳄鱼(CARTELO)外套男2021春季韩版夹克男士青年休闲立领棒球服工装风衣纯色男装 黑色 XL,198.00
南极人酷小孩专卖店,南极人防晒衣服男长袖轻薄透气披肩斗篷防紫外线皮肤衣防晒衫夏季潮男 【1件装】-银灰.防晒 L（推荐110-130斤）,59.00
思齐服饰专营店,胤笙记 2021春装新款时尚印花宽松夹克男嘻哈外套原宿风潮牌个性百搭连帽衣服男 红色 M,155.00
朗翱服饰旗舰店,朗翱 短袖t恤男夏季圆领半袖汗衫韩版朝流学生上衣服潮牌男装大码个性印花打底衫 深灰色 XL,78.00
鄂东男装专营店,牛仔外套男2021春秋季衣服男装韩版潮流宽松大码休闲夹克衫ins潮牌工装夹克男短款棒球男 【490黑色】 XL【135-145斤】,138.00
火斌男装专营店,男士短袖t恤春秋季打底衫棉上衣服宽松潮流半袖白色圆领t恤男装 MD9167浅灰 XL,19.00
花花公子官方旗舰店,花花公子外套男夹克潮流2021春夏季新品韩版休闲翻领男士工装上衣服饰青年港风男装 灰色 XL,269.00
阅殷英朴专卖店,阅殷潮牌男装春夏季男士连帽长袖T恤男宽松7七分袖卫衣外套潮流学生t恤上衣打底衫体恤衫加大码胖子男 白色 XL,118.00
南极人智途专卖店,【两件装】南极人短袖t恤男2021春夏季新品T恤韩版潮流男士纯棉打底衫半袖印花休闲体恤套装上衣男装 白/小恐龙+黑/鲨鱼 L,78.50
噜啡运动专营店,【套装】李宁运动套装卫衣中国服饰外套夹克篮球服男士休闲套装跑步装备健身服 字母黑卫衣+收口卫裤 L(175),209.00
吉普聘驰专卖店,JEEP/吉普夹克男外套冬季男士春秋新款休闲中青年学生加厚加绒潮牌纯色上衣服装时尚运动宽松大码男装 深灰色 2XL（140-155斤）,168.00
花花公子飞扬专卖店,花花公子外套男修身春季新款男士商务休闲薄款工装夹克男潮牌男装高端西装领绅士小风衣披风男 浅灰色 XL,269.00
俞兆林螳螂金甲专卖店,俞兆林短袖t恤男2021春夏季新品男装T恤韩版潮流男士纯棉打底衫半袖印花休闲体恤套装百搭男装上衣潮 2802白色 L,49.00
敦尼亚欧飞亚专卖店,敦尼亚夹克男外套秋冬新品男装男士立领韩版棒球服休闲中青年外衣服男大码胖子加大加肥男装加绒加厚上衣男 1901-灰色 注意【请选择正确尺码选购,128.00
罗蒙悦成专卖店,罗蒙（ROMON）两件装 男士纯棉短袖t恤夏季圆领黑白棉体恤T纯色上衣服打底衫男装 【黑色+白色】 L/175(推荐体重125-140斤),99.00
JACKETT&SONS男装旗舰店,印花卫衣男 男士圆领长袖T恤 新款潮流上衣外套 青年运动时尚打底衫内搭衣服男装 015白色 2XL,88.00
慕藤服装专营店,【买一送二 夹克+裤子+T恤】外套男 2021春季新款男装薄款连帽夹克外套男士衣服外套 黑+黑裤+T恤 XL+裤31,168.00
潮龙涧男装专营店,【超值 3件装】夹克男外套 春装季新款男士韩版修身连帽男装季工装运动套装男上衣 JK601月蓝色(三件套) XL.,138.00
南极人至初专卖店,【两件装】南极人短袖T恤男2021春夏季新款t恤男装韩版潮流男士打底衫半袖纯棉印花休闲体恤套装男 2005卡其+2006黑色 L,99.00
富贵鸟海心专卖店,富贵鸟衣服男士夏季韩版潮流短袖t恤男装休闲上衣夏天青年翻领Polo透气体恤衫 深灰 M,99.00
特步悠达专卖店,特步男装运动短袖t恤衫2021春夏四季新款透气潮流修身男士休闲速干棉显瘦百搭上衣跑步运动健身经典 【店长推荐】白色-logo圆领(速干)四季基础,53.00
风之衫服装专营店,格斯岚帝 三件套春季外套男士夹克2021连帽潮流青少年学生工装上衣服男牛仔风衣休闲卫衣裤子套装春秋 蓝色8079(三件套) XL,138.00
衣品男服饰专营店,【三件套】卫衣男休闲运动套装2021春秋季男装男士青少年潮流休闲运动服饰情侣卫衣套装男 175黑三件套 XL,128.00
南极人铭图专卖店,【两件装】南极人短袖t恤男夏季 2021新品短袖男士T恤韩版潮流纯棉打底衫半袖印花休闲体恤男装上衣 2130深灰+2102白色 L,89.00
诚谊服饰专营店,【正常发货纯棉4件】短袖t恤男纯棉半截袖衣服圆领休闲宽松潮初中学生印花胖青年大码新品纯色夏季体恤汗衫 四格白+KY蓝+SP灰+海Z黑 L建议120-135斤,99.00
南极人智途专卖店,【三件装】南极人短袖T恤男2021春夏季新款纯棉打底衫男韩版潮流五分袖t恤上衣半袖体恤套装男潮 【三件装】白/可口可乐+黑/鹿角字母+灰/拳,99.00
南极人布克专卖店,南极人T恤男短袖2020春季新品休闲港风大学生宽松时尚上衣服男女圆领套头半袖纯棉透气大码汗衫 水绿色(柯基男孩) L【推荐120-130斤左右】,49.90
皇童男装专营店,TOBAAT外套男春秋季新款男装连帽夹克男青年韩版潮流秋装上衣男士棒球服男款休闲短轻薄外套夹克 上蓝下白 XL,89.00
衣品男服饰专营店,【三件套】夹克男外套休闲运动套装2021春秋季男装外套男士青少年运动服套装衣服男 801黑三件套 L,138.00
千途帝旗舰店,千途帝 春季夹克男士外套秋冬季加绒加厚工装衣服套装棉羊羔绒男装冬装牛仔潮流卫衣连帽开衫青少年短款风衣 3件套春秋】77款卡其 +T恤+裤子 XL,128.00
欣迈隆旗舰店,欣迈隆 短袖t恤男夏季新款男士T恤韩版棉质潮流纯色圆领宽松打底衫春装半截袖休闲体恤夏天男装上衣 MYY2130深灰色 XL,49.00
郎曼伦旗舰店,郎曼伦 夹克男外套春秋季新款青少年男士韩版修身初中生连帽学生工装运动套装男上衣男装 TZ601黑灰色三件套 L,118.00
百嘉服饰专营店,宾迪豹 夹克男外套春秋季衣服男装休闲外衣连帽褂子韩版修身潮流新款青年学生帅气上衣棒球服 2021黑色 XL（120-130斤）,138.00
格斯岚帝旗舰店,格斯岚帝 短袖T恤男士夏季韩版新款青少年学生潮牌半袖衣服男卫衣男五分袖打底衫印花上衣透气圆领汗衫体恤 海蓝2003 XL,69.00
衣品男服饰专营店,【三件套】【夹克+T恤+裤子】外套男2021春秋季男装时尚休闲男士夹克外套男 6617黑三件套 4XL,138.00
千泽服装专营店,简柯林外套男春秋装衣服男士修身工装学生上衣青年夹克男春装休闲韩版潮流夹克衫棒球服男 A518白色 L,99.00
百嘉服饰专营店,宾迪豹 短袖t恤男宽松圆领汗衫夏季半袖衣服男装打底衫学生韩版潮流个性帅气印花体恤 黑色 XL,78.00
千途帝旗舰店,千途帝 短袖t恤男装夏装夏季冰丝潮牌宽松半袖休闲时尚潮流五分中袖圆领大码男装卫衣速干半截袖体恤上衣 3778 白色 XL,58.00
皇童服饰专营店,Robbye外套男春秋季夹克男衣服韩版潮流修身休闲服饰男生工装外套棒球服男上衣时尚情侣装男短外套 J1869黑色 XL,108.00
J-VAN官方旗舰店,J-VAN 春装上衣服套装男士夹克外套男春季工装青少年春秋潮流牛仔卫衣学生休闲棒球服褂子短款男装风衣 单夹克-55黑 XL,78.00
吉普昆谷专卖店,JEEP吉普防晒衣男夏季皮肤衣男士外套薄夹克防晒服新款旅游透气男装户外速干上弹力垂钓防紫外线超薄 YSF5202灰色（连帽） XL,188.00
企途旗舰店,企途[2件装]短袖T恤男2021新款夏季t恤男装打底衫卫衣长袖秋衣春装男士上衣套装五分半袖男装j夏装 3005雾蓝+3003白蓝 XL,98.00
北极绒四夕专卖店,北极绒 夹克男春秋季新款男士外套修身韩版潮流休闲帅气春秋工装男式茄克立领上衣男装 67002深灰(常规款) XL,158.00
衣品男服饰专营店,【三件套】【夹克+T恤+裤子】外套男2021春秋季男装男士休闲运动套装潮流连帽工装夹克外套男上衣 601卡其黑三件套 XL,138.00
南极人智海专卖店,【四件装】南极人短袖t恤男春夏季新品短袖男装韩版潮流男士纯棉打底衫半袖纯色T恤男休闲体恤套装上衣男 【四件装】白+黑+黄+蓝 L,89.00
木鑫服饰专营店,诗翁 港风t恤男宽松超火ins上衣潮流潮牌短袖男装20新款夏学生衣服男 T恤 T03白色 L,19.89
奥帝洛姿服饰专营店,【三件套】卫衣套装男士春秋装运动服套装青少年休闲运动套装潮流外套秋装男装 175灰色三件套 XL建议120-130斤,128.00
南极人御景成专卖店,南极人男士防晒服夏季连帽防嗮衣服户外透气超薄冰丝速干遮阳运动夹克轻薄外套男防紫外线防晒 F2081灰色 XL,69.00
噜啡运动专营店,李宁T恤男短袖中国衣服篮球运动男士polo衫跑步服健身服速干衣半袖体恤足球装备上衣高弹田径训练 基础白-速干店长推荐 L(175),59.00
花花公子品牌旗舰店,花花公子短袖T恤男士2021春夏季新款韩版潮牌休闲修身Polo白小t恤打底衫服饰上衣男装 1812卡其 M,139.00
既咎旗舰店,既咎外套男宽松春夏季新款男士薄款个性印花衬衫式学生工装夹克衫男潮牌男装休闲上衣运动男 米色 XL,138.00
热艳旗舰店,热艳短袖t恤男春夏季新款宽松半袖T恤衫男休闲百搭男装上衣薄款透气五分袖打底衫男潮流色 MYY2130深灰+MYY2130黑色 XL,99.00
衣品男服饰专营店,【买一送一两件88】短袖T恤男 ins夏季男士T恤男短袖宽松男装潮流潮牌短袖男T恤男生打底衫上 1607白 XL,58.00
南极人京电专卖店,南极人polo衫男春夏季新品短袖潮流时尚上衣t恤男打底衫百搭休闲半袖衬衫领体恤男装潮流保罗衫 t125深灰 （ 标准尺码，可按尺码表推荐选,69.00
北极绒四夕专卖店,北极绒 夹克男春秋季新款男士外套修身韩版潮流休闲帅气男式工装立领上衣服男装 9802黑色(常规款) XL,158.00
休闲部落旗舰店,休闲部落 男士夹克春秋季立领外套男韩版青年上衣褂子男装衣服 8023青灰【春秋款】 XL/175（128-140斤,148.00
企途旗舰店,企途短袖t恤男士ins潮牌潮流宽松五分半袖2021年新款夏季男装衣服 1602浅蓝+1607浅蓝 XL,79.00
艾兰斯服饰专营店,保罗歌仕顿 短袖t恤男夏季polo衫男士翻领短袖T恤韩版潮流修身半袖衣服男装 灰色黑 XL,49.00
衣品男服饰专营店,【三件套】夹克男外套休闲运动套装2021春秋季男装外套男士青少年运动服套装衣服男 801黑三件套 L,138.00
艾兰斯服饰专营店,保罗歌仕顿长袖T恤男2019秋季新款t恤男装青年圆领卫衣韩版打底衫体恤小衫上衣 903上白下灰 XL,59.00
潮龙涧男装专营店,【超值 3件套】卫衣套装男春装男季运动套装2021新款潮休闲男装外套男衣服男服饰 801灰色(三件套) XL,128.00
南极人服装旗舰店,南极人夹克男春季男装修身外衣男士时尚休闲连帽冲锋衣男生春秋款帅气外套工装短款棒球服春装 1902黑色 XL,98.00
潮龙涧男装专营店,【买一送三】短袖T恤男 夏季新品短袖男体恤男装大码衣服冰丝半袖潮流衣服 T10白+T11灰+T12黑+T13白 XL,99.00
AEMAPE男装京东自营旗舰店,AEMAPE 短袖t恤男潮流休闲打底衫男生半袖清凉宽松衣服MD 海蓝色【2003】 XL,99.00
衣品男服饰专营店,【三件套】【夹克+T恤+裤子】外套男2021春秋季男装时尚休闲男士夹克外套男 6617黑三件套 4XL,138.00
花花公子图念专卖店,花花公子外套男士春秋休闲上衣春季2021新款工装衣服潮流帅气男装夹克 MT-2110军绿 XL,269.00
攀迪服饰专营店,古莱登春秋季夹克男潮牌百搭日系外套男潮流宽松工装夹克港风休闲上衣帅气棒球服 黑色 XL(双层宽松版),49.00
步泽男装专营店,MR&NRB夹克外套男宽松春季新款男士字母印花条纹上衣衣服男潮流个性休闲运动男潮牌男装 深灰色 XL,148.00
都市行动服饰旗舰店,都市行动 外套男春秋季衣服男装外套休闲韩版潮流短款衣服男生青少年夹克男外套 JK898绿色常规 XL,108.00
吉普刹罗专卖店,吉普卫衣男春套装大码套头圆领帅气两件套一套衣服男士2021年新品款潮流休闲修身 黑色 XL,198.00
南极人韦汐洛专卖店,南极人 外套男春秋夹克男2021新款休闲男士夹克衫韩版修身青年男装连帽工装外套学生上拼接外套男 黑色 XL,138.00
SWJEANS男装旗舰店,SW1960防晒衣男士防晒服夏季薄款休闲外套夹克男速干皮肤衣韩版潮流薄透气防晒情侣皮肤 1050-白色 XL,138.00
引创官方旗舰店,引创短袖t恤男夏季新款潮流宽松港风衣服男装印花T恤潮牌百搭半袖ins 白色 L,68.00
慕藤服装专营店,【买一送二 夹克+裤子+T恤】外套男 2021春季新款男装薄款连帽夹克外套男士衣服外套 黑+黑裤+T恤 XL+裤31,168.00
潮龙涧男装专营店,【超值 3件装】夹克男外套 春装季新款男士韩版修身连帽男装季工装运动套装男上衣 JK601月蓝色(三件套) XL.,138.00
南极人至初专卖店,【两件装】南极人短袖T恤男2021春夏季新款t恤男装韩版潮流男士打底衫半袖纯棉印花休闲体恤套装男 2005卡其+2006黑色 L,99.00
富贵鸟海心专卖店,富贵鸟衣服男士夏季韩版潮流短袖t恤男装休闲上衣夏天青年翻领Polo透气体恤衫 深灰 M,99.00
特步悠达专卖店,特步男装运动短袖t恤衫2021春夏四季新款透气潮流修身男士休闲速干棉显瘦百搭上衣跑步运动健身经典 【店长推荐】白色-logo圆领(速干)四季基础,53.00
风之衫服装专营店,格斯岚帝 三件套春季外套男士夹克2021连帽潮流青少年学生工装上衣服男牛仔风衣休闲卫衣裤子套装春秋 蓝色8079(三件套) XL,138.00
衣品男服饰专营店,【三件套】卫衣男休闲运动套装2021春秋季男装男士青少年潮流休闲运动服饰情侣卫衣套装男 175黑三件套 XL,128.00
南极人铭图专卖店,【两件装】南极人短袖t恤男夏季 2021新品短袖男士T恤韩版潮流纯棉打底衫半袖印花休闲体恤男装上衣 2130深灰+2102白色 L,89.00
诚谊服饰专营店,【正常发货纯棉4件】短袖t恤男纯棉半截袖衣服圆领休闲宽松潮初中学生印花胖青年大码新品纯色夏季体恤汗衫 四格白+KY蓝+SP灰+海Z黑 L建议120-135斤,99.00
南极人智途专卖店,【三件装】南极人短袖T恤男2021春夏季新款纯棉打底衫男韩版潮流五分袖t恤上衣半袖体恤套装男潮 【三件装】白/可口可乐+黑/鹿角字母+灰/拳,99.00
南极人布克专卖店,南极人T恤男短袖2020春季新品休闲港风大学生宽松时尚上衣服男女圆领套头半袖纯棉透气大码汗衫 水绿色(柯基男孩) L【推荐120-130斤左右】,49.90
皇童男装专营店,TOBAAT外套男春秋季新款男装连帽夹克男青年韩版潮流秋装上衣男士棒球服男款休闲短轻薄外套夹克 上蓝下白 XL,89.00
