pi1905,推荐,你以为你已经很爱很爱妈妈了，但妈妈远比你想象中更爱更爱更爱你。
Augenstern,力荐,贾玲：我给你们讲个笑话，你们别哭。
Raremore,力荐,"“我宝”那句出来的时候真的直接泪奔我以为只有我回到了1981,我以为我可以牺牲我自己改变你往后的命运，我以为你可以更幸福的，我没想到你愿意过的就是摊上我的这一生😭"
蛋黄已跑路,还行,沈腾的戏份约等于欢乐颂男主，其他不评论
温岭阿浪,力荐,国产+喜剧+催泪＝烂片，这是豆瓣一贯的规律，因此我知道自己的评分一定不会公允，这里有掺杂太多我的主观感受：有生以来第一次在电影院哭得泣不成声。昨晚是除夕，我和妈妈大吵了一架。她气得直骂我没良心、白眼狼，我爸也心寒地把我妈牵到楼下，说不指望以后让我给他们养老。凌晨的时候，我给我妈朋友圈的拜年视频点了个赞，并发给她一个拜年红包，和她说“今晚我脾气不好，你别往心里去”我妈收下红包，给我发来好多幸福快乐的祝福。今天看到这电影，许多情节点都让我泪眼婆娑，直到女儿明白真相后，一路奔跑的那一段蒙太奇，我极力掩着眼泪，把哭声压到最小。观影是一个创作者通过作品感染观众的过程，无论它是否合乎艺术规律，只要能让观众感动，它就值得那个观众为它叫好，不必因为它是国产片就舍不得掌声。
𓆝𓆟𓆜𓆞𓆡,力荐,感谢编剧没有让李焕英以少胜多赢下排球赛。这个剧其实好就好在它的质朴情感上。没有什么输赢胜负，也没有什么人生逆袭改变命运。穿越回来只为了让你开心。不完美的小人物在闪闪发光。
稻草上的vc,推荐,有笑有泪的，不明白陈赫这个人物有什么作用，完全多余
Ne.,力荐,真诚打动内心，没办法客观评价
фю,力荐,《你好，李焕英》（X）《关于妈妈用异世界转生工具去参加试炼这档子事》（X）《Hi，mom》（√）神作，绝对的神作。这不比《成神之日》催泪？这不比《半妖的夜叉姬》用心？这不比《唐人街探案3》悬疑？
停止狡辩,推荐,跟唐人街探案三的分数相比，很明显观众们评判电影的标准不仅在于你拍的好坏，而更在于你拍的态度是否真诚
豌豆仁儿,推荐,能理解贾玲执意拍这部电影，在惹妈妈生气了十几年终于有能力回报妈妈的时候，妈妈离自己而去，这种无能无力的遗憾感实在是太难受了。她不是因为想当导演拍了这部电影，而是因为想拍这部给妈妈的电影才当导演。今年没回家过年，想给我妈打个电话，告诉她等等我，过两天就回去看她了。
再懒不能懒ID,推荐,我以为是我在为你圆梦，其实还是你陪着我做了一场好梦。
想睡觉,推荐,你以为你已经很爱很爱妈妈了，但妈妈远比你想象中更爱更爱更爱你
王食欲,力荐,在电影院哭得稀里哗啦。隔壁座的小姐姐也在哭。她问我：想妈了？我说：嗯！小姐姐：你也春节没回家？我指了指前面：我妈坐第三排，我俩没买着连号的座。这下小姐姐哭得更凶了。
韦斯安徒生,还行,贾玲水平有限，奈何感情无比真挚。虽然结尾让我哭的稀里哗啦，但也没能改变前半段就是个低配版夏洛特烦恼的状况。
花渡紫陌,推荐,这个底太好了，比起以往穿越片的个人救赎迈的更深了一步。本以为影片会如同以往的俗套一般会终结在「希望孩子健康快乐」上，没想到结尾以针线为引，将「无论你在哪里我都会找到你并且保护你」的母爱穿进了观众的心里，以个人故事为本，动了真情的贾玲担得起导演的称呼。在喜剧元素上，影片也做的十分自然，不刻意不尴尬，更是在演员的选角上玩出了花，乔杉和贾玲的父女堪比去年黄渤和彭昱畅。
Sanny,还行,这完全是贾玲拍给自己的作品，不是拍给观众的，充满了个人的执念。
＃Lanius,推荐,贾玲哭的时候很明显没有在演戏，这是最让人伤心的。
MilkyWay18,力荐,最戳我的就是在知道了48岁的李焕英是穿越回去的后，想起那句“我这一辈子过得挺幸福的，怎么就没人相信呢。”
看个电影不容易,很差,贾玲昨晚的喜剧已经尴尬到我了… 这个导演的电影真的更加尴尬… 还是好好当个综艺咖吧！电影就算了…别伤害影迷的眼睛了…
电影幕后故事,推荐,节奏感好，是贾玲天生的喜剧天赋。最后十分钟反转直接泪崩，为什么，因为我们每个人（30岁以上）都对妈妈有愧。这种愧疚，我们只能躲在电影院，幽暗的空间放声大哭。走出影院的那一刻，心变得又柔软一点。
北投少年他,较差,把二十多分钟的小品拉长到两个小时，没有好导演和好剧本还是省省吧。
嘟嘟熊之父,较差,圆故事的方式太拙劣，谁说母亲的归宿只有牺牲自己成就别人？原版小品用三十分钟向我们展示了操劳一生的母亲年少时不被女儿所知的单纯和快乐，那是属于她自己的黄金年代；而电影用一百三十分钟向我们展示了母亲即便在弥留之际回到过去，依然一心只想陪女儿演戏让女儿开心。小品的哭点在于不舍与悔恨，电影的哭点在于崇高而伟大的母爱。不过如果贾玲能靠这片坐稳中国喜剧第一把交椅，再也不用跟沈腾陈赫这些老黄瓜合作，向我国油腻中年男导演看齐找一些脸蛋肉体都完美的年轻男演员搭戏，也算是功德一件。
蜜汁,力荐,意识到妈妈什么都知道的时候，我哭到抽搐。贾玲太有才了。在读你和我时就在想，逝去的父母是靠儿女的记忆继续活着，而如果你可以写作，或者像贾玲一样用一部电影来纪念，那他们就一直活着。他们的精彩也都没有被忘却。这是贾玲给自己的交代。我不停的想，到底我不能接受的是什么，如果她的一生在自己活着时就去全都熠熠闪光，那死去时也不能称之为遗憾，只是命运。
豆川,还行,前一个小时强行塞包袱，后面干嚎占二十分钟。。。
走路去东京,力荐,这是今年春节档，我最最想看的一部电影。《你好李焕英》的小品，是千禧年之后我心目中最佳小品前三，即便珠玉在前，当得知要影视化的时候，依然期待爆棚。作为贾玲的导演处女座，这部作品是值得肯定的，笑点泪点恰到好处，没有硬搞笑也没有刻意煽情。子欲养而亲不待，她在讲一个珍惜亲情的故事，也在讲当代女性意识的觉醒，不鼓吹生育，不鼓吹婚姻，而是让我们看到，任何一个女性在成为妈妈之前，第一个身份首先应该是她自己。祝天下所有“李焕英”永远快乐。
钢铁的侠,很差,捞钱就捞钱，捆绑亲情，消费亲人，小品还不够，加长成电影，令人不齿，如果真的爱亲人，会拿出来消费么，不合情理
楚肥羊,力荐,贾玲说她把心掏出来给观众看了，我想说，我看到了。
私享史,还行,7分。豆瓣8.2分我是真觉得过分了，就电影论电影的话，贾玲这部作品最大的问题在于它不太像电影（但也确实比小品形态提升了不少）。如果无视这一点，主要凭是否感动或者哭了多少眼泪来评价它的优劣，那就好比让情色片与AV同台竞技，主要凭观众生理反应的指标来评价优劣。 同样是女性导演的亲情题材，许鞍华《桃姐》8.3分，张艾嘉《相爱相亲》8.4分，就是把贾玲纪念母亲的真诚用心全算上，它跟蒋雯丽《我们天上见》——同样演员出身的导演处女作，同样纪念自己至亲——也差了几条街，后者的确是一部电影，蒋雯丽之后没再做导演让我觉得可惜，而贾玲如果之后再做导演我只会觉得她是飘了。如果你只是把它当成一件商品，那么眼泪的容量可以跟商品的质量成正比。如果你还把它当成一件艺术品，那么真诚只是优秀艺术品的要素之一，技巧和手法同等重要。
xi-xia,力荐,喜剧的内核是悲剧，这封贾玲写给妈妈的情书，也是中国很多妈妈的写照。有时候真的觉得，她的后半生似乎一无所有，除了我。
Ffffa,很差,打着亲情牌圈钱  说难听就叫消费亲妈
Eurus,力荐,最让人泪崩的是，我知晓未来所发生的一切，依然选择你这件小棉袄来陪我走过一生。
Unhinged,还行,8.3分绝对是太不正常了。《李焕英》你不能说它差，但也绝对称不上好，只是前些年综艺大电影版的变形罢了。主题选择了“子欲养而亲不在”，表达上却仅限于一味的情感宣泄，里面其实你很难找出一个完整鲜活的角色，母、女也只是传统文化几千年来堆砌出来的固定形象，除了伟大和孝顺找不到更多的形容词。
弱水漾漾,力荐,为什么表妹撕了你刚拿到的结婚证你都不生气。因为那是你女儿啊。
陈屾,力荐,笑的不尴尬，哭的脑壳疼。
vincentblack,很差,不想在大过年的接受情感强奸。
王大根,还行,其实还是小品段子电影，最大的梗电影看得稍多些的观众一早就能猜到，但胜在有真感情，没有绝大部分国产喜剧那股鸡贼味。这片或许确实只能由贾玲自己来拍，换别的导演，就算拍得更成熟、更电影，恐怕也达不到现在的效果，或者说，就会是另一个故事了。
白子耀眼,较差,我不喜欢，我不觉得好笑，也不觉得感动
乱.,力荐,实话实说我哭抽抽了  看见张小斐想喊声妈的程度
判官,较差,张小斐还行，整体观感就像看现如今强迫你笑你哭的春晚小品，对不起我真的入不了戏。
金惠子,力荐,散场以后我挎着妈妈散步回家，我想着她，她应该想着她妈妈吧。
裴村的劳伦斯,很差,说实话吧，这要都算电影，电影的门槛是太低了点。
孙小Q的妈咪,还行,看到8.3分才决定去看的，看完了，就这？是我要求太高了吗？很多桥段感觉很刻意和做作，张小菲的假笑只有我感受到了吗……最后的反转的确有感动到，但也不至于如热搜所说湿了两个口罩吧，我还特意有所准备，我的感受是这部剧营销过头了吧
少侠  我姓邢,力荐,大家来看这一部吧，别看唐3了
索索,很差,贾玲你这样算不算恰烂钱？我就想问这个电影要干嘛？你要煽情没问题要找人客串没问题，要搞笑都没问题！可你什么都来一点。大杂糅无非就是要保证票房而已！
娜塔莉,力荐,不是我拉男女对立啊。当屏幕上出现 “贾玲 执导”字样的时候，就比起那些拍了几个直男癌片子就写“××× 导演作品”的，要真诚多了。“作品”这个词是自己叫的吗。。
电影榨汁,推荐,久违的让我又哭又笑的作品，有许多可爱的笑话，看哭三次，朴实又深情。电影结束在想，如果我可以穿越到妈妈年轻的时候，可能会告诉她一定要很多书，只为自己活，即使一辈子不结婚也要去争取幸福的权利。
西楼尘,推荐,以为穿越是为了改变她的人生轨迹，竟然只是了却自己的遗憾。原来从天而降的大胖妞无论有多重，她都会毫不犹豫接住她的宝儿。裤子无论多破，她都会缝成小狗。今生母女一场，只能化作目送。以为她希望我有出息，原来她只需要我平安。以为她想换个女儿，原来她从没后悔。以为多了解她，原来还是误会了她。
阿蓝不难,力荐,“我的女儿，只要她健康快乐就行了。”本来以为只是贾晓玲穿越回了1981年，没想到原来2001年的李焕英也穿越回了20年前，这里真的设计得太巧妙了。重来一回，李焕英还是会选择当玲儿的妈妈啊。开头李焕英看见从天而降的玲儿，下意识地就要去接住玲儿，这就是母爱吧。这种感情可能真的只有母女会懂吧。前半部分贾玲沈腾真的好好笑哈哈哈哈哈哈哈。贾玲在影片里用了好几次华仔的歌，不愧是华仔的真爱粉。啊对，通过黑白照片染色这一方式呈现画面也蛮有创意。哭笑交叉的一部电影。
亵渎电影,推荐,如果你要陪长辈看电影的话，那就看这部吧。基本上就是贾玲版的《夏洛特烦恼》，完成度很好，笑点和泪点都到位，感觉会是春节档期大众口碑最坚挺的一部电影。一开始你以为这是一个熟悉的穿越设定，最后一反转，你会发现这不仅仅是一次穿越，而穿越的背后正应了母女情的主题。完了结尾的字幕又补了一刀，原来这是贾玲自己的经历，用这样一部电影去追忆母亲年轻时的样子。穿越回八十年代，从工厂记忆，女排比赛，黑白电视到祖父悖论，都是能引发几代人共鸣的设计，以前都是看贾玲笑，这次是看贾玲哭，很多人却是跟着她笑着哭。
FrancoisG,力荐,这并不是一个穿越的故事，而是是一个母亲在弥留之际创造出来安慰女儿的梦，真的特别特别特别好，贾玲值得。9/10 
高不帅,力荐,感谢贾导。感谢李阿姨，是您的女儿在开局落后15亿的情况下，阻止了《唐3》这种烂片成为2021年春节档票房冠军，她永远是您的骄傲。
PPPSY,力荐,贾玲第一次当导演就能拍出这水准的片子，可见用心和不用心做事的区别到底在哪里，我觉得做春节烂片的导演们真的该好好反省反省。故事虽然有点像某个电视剧的剧情，但也不全是一样，加上看得出来贾玲确实放了真情实感，后面的回忆杀真的让人泪目。前半段的笑点也很多，划船那段真的笑到打滚！沈腾贾玲真的是喜剧质量的保证。而且演员们的演技还是都不错的。值得去电影院支持。
红萝卜蹲完,力荐,“我的女儿，只要健康快乐就行了”神不能一直在，所以创造了妈妈
Kiiiii,推荐,没有预料到的剧情，大年初一大家一起在电影院哭一场(⸝⸝⸝ᵒ̴̶̥́ ⌑ ᵒ̴̶̣̥̀⸝⸝⸝)所以她妈到底有没有想过走另一条路呢贾玲不知道也没人会知道了。
陀螺凡达可,较差,2.5 穿越梗是人家三十多年前玩剩下的套路，拍得也很糟糕（导演问题），全程味同嚼蜡，直到最后那个反转。这是皮克斯式的情感/视角反转（参考瓦力、玩具3和Coco），学到了精髓而奏效，可惜又处理得过于繁重拖沓。当然电影之外的真情实感的确很动人。
周子舒心上钉,力荐,让她再选一次，她还是义无反顾的选择了有你的人生
CrysBeer_CLC,力荐,咋说呢，贾玲太牛了，不玩梗的那种搞笑，一点都不低俗，但是笑点通俗易懂，演员也都特别好，而且有一个点很戳我，就是后面暗示了王琴的发达不是因为靠男人，中国就是应该多有这样的思想纠正啊！！催泪的地方也容易产生共情，后半段我一边哭一边骂：这特么咋没完没了了……然后继续哭....好了好了，我爱我妈妈，虽然我们也会吵架，但是我很爱她，一直爱她
八喜吃多了,推荐,我要强烈批评影片最后刻画母亲买票又退票在大雪天中一个人走回去的镜头，我不接受，母爱不是因为牺牲才伟大，爱与关怀本身就是伟大。
昨天作废.,推荐,我最忘情的哭声有两次，一次，在我生命的开始；一次，在你生命的告终。第一次，我不会记得，是听你说的；第二次，你不会晓得，我说也没有用。但两次哭声的中间啊，有无穷无尽的笑声。一遍一遍又一遍，回荡了整整三十年。你都晓得，我都记得。——余光中《今生今世》
谢谢你们的鱼,较差,80年代性转夏洛一点不烦恼，从头到尾的无聊和尴尬，贾玲说说是讲述自己和妈妈的故事，其实真的和妈妈一点关系都没有，尤其是李焕应这个角色，就是一个工具人而已。一个小品撑长到电影长度已经很勉强了，结果还在小品里面套小品和段子就更让人难以忍受了。整个故事真的可以说一马平川，没有真正的人物矛盾，没有真正的情节波折，甚至，连整个故事的情感支点都是虚的，剧本的堆砌感实在是太强了，结构散得一塌糊涂，观众是真的好骗呀！
茉莉味的条纹衫,力荐,新年第一部觉得最值得五星的片子，很好笑也很好哭。阳光下张小斐穿百褶裙真的漂亮，打排球真的飒。另，沈腾叔叔的表演让我相信雪姨阿姨是靠自己让她女儿去米国念书的。
朝暮雪,还行,贾晓玲撮合李焕英和沈光林这段有很多笑点，但内核是很扎心的。因为它体现了贾晓玲的自卑和丧，她觉得自己活着什么用都没有，她凭借自己无法让母亲过上更好的生活，所以她才想出这个办法。很多人看了《李焕英》后都说：如果母亲生的不是我，她是不是会过得更幸福。但这并不是电影想要表达的主题，电影想表达的是，你的母亲觉得有你这样的儿女，就已经很幸福了。贾晓玲说她会看相，她看到李焕英未来的女儿会出国留学，而且收入很高。而李焕英说，我的女儿，我就让她健康快乐就行了。其实天下母亲都是如此。如果我们能功成名就当然更好，但如果我们没有功成名就，难道她们就会觉得我们不配做她们的儿女吗？事实是无论我们贫穷还是富贵，成功还是平凡，她们都会以我们为傲。因为重要的不是我们做出多大的成就，重要的是“我们”。
守望电影,力荐,没想到李焕英后劲这么大，电影讲了一个非常朴素的价值观，妈妈在成为妈妈之前，首先是她自己。即使我们都长大可以照顾自己，但在未成家前，妈妈说少做一顿饭她也会感到愧疚；我说妈妈你可以不用感到愧疚，她说你是孩子，你不懂母亲。近几年很努力地在让我的妈妈有一点自己的想法，我问她你喜欢吃什么，你喜欢看什么，你喜欢穿什么，你休息的时候就好好睡觉。我拼命地告诉她除了是妻子和母亲之外，她首先先是她自己，她这一辈子为别人活太多了，但是我只想她为自己活。希望每一个妈妈都能收获自由。
赏味杂货铺,还行,有一种“上当”了的感觉，第一次觉得豆瓣评分不可信
百香果柠檬,力荐,贾玲好棒 抢结婚证那里 结婚证被撕坏了 小斐眼里含泪的说 我这一生真的很幸福 你为什么就不相信呢 当时看的时候觉得很奇怪 后来全明白了 剧本好棒 拍的也很好 不过李焕英不管票房多少 她应该只想让贾玲健健康康 开开心心吧
迟恩,力荐,我未来的女儿，我就让她健康快乐就行了。
日学不辍大柚子,力荐,“可是我妈还不会缝啊” 自此开始眼泪止不住。
不眠野火,较差,笼统的看下豆瓣评分就去看了，真的很失望，感觉评分是刷的，不值票价和时间，贾玲值得尊敬，母爱更值得赞扬，但这种形式，就像小学的感恩大会，有一个人拼命的在台上讲，拿出各种故事拼命的渲染，好像不感动不哭就是不合适宜。
慢一点又怎样,较差,太过个人化了，贾玲哭了太多，纪念自己的母亲没问题，但是拍成电影给观众看，能不能考虑下观众的感受？一味宣泄导演的个人情感，拍成家庭录像自己纪念不是更好？
哪吒男,还行,催泪神器，给四颗星五颗星都可以理解，毕竟大家都太想“让妈妈高兴”了。
油炸绿菠萝,力荐,又好笑又好哭，配得上8.3分的高分，里面的女演员都好漂亮啊，李焕英、王琴、艳华，还有麦收的女孩，都有让人眼前一亮的惊艳，不是千篇一律的美，是各有特色、各有力量的好看，女导演和女性凝视让电影无比舒服。
南烛,力荐,“你以为你已经很爱很爱妈妈了，其实妈妈比你想象中更爱更爱你。”
超越影像,还行,值得一看，但没有你想象中那么好看，尤其是当你带着豆瓣8点多高分期待去看！都说哭的稀里哗啦，但我确实没有哭……
MORGAN,较差,“观众已经笑得不行了”
惑星凛,力荐,作为喜剧电影，贾玲+沈腾的效果，没得说，就是简单直接的「好看」。前面所有的积累的笑点，在最后用一个非常精妙的反转把情绪点燃。看过小品的人也剧透不了电影。这个结尾，简直神来一笔，绝。喜剧之上的内核是女性导演视角下的女性角色。贾玲和李焕英之间，不仅是妈妈和女儿之间双向的爱。非常自然的，就是一个女性对另外一个女性的理解和关爱，希望对方高兴、快乐。是「就算我不出生也没关系，我就希望我妈开心我妈不受委屈」的心情。诚意十足的喜剧，真情实感的动人，意料不到的结局，以及还给妈妈青春和名字。
一溪云,力荐,建议以后的导演处女作学习一下，老老实实讲一个发自内心的故事。
書崎,很差,歌颂母德，令人不适。如果一个创作者的私人情绪泛滥成灾，那么最终成品也只能是一个灾难。
张小北,推荐,让观众笑的同时还能笑中带泪，这不是靠技巧能做到的。贾玲在《你好，李焕英》里也不是靠技巧去和观众交流的，她是真掏心掏肺，心无杂念。这真的是她的人生，她的遗憾，她的渴望，普通观众在电影院里看到这种故事，根本抵挡不住，笑着笑着情不自禁眼泪就下来了。80 后也到了开始怀旧的年龄了，美好的 80 年代在好几部电影中都带着暖色滤镜出现了——不是那个年代真的有多好，那只是一代人再也回不去的理想国。光滑洁净的回忆，必定映衬的是坚硬冰冷的现在。为什么都开始怀旧了？因为意识到自己面对生活已经逐渐无能为力了。虽然可以刷抖音快手的短视频来暂时地麻醉自己，但你放下手机的同时就会忘记刚才自己在笑什么。真正能让一代人同悲共喜还走心的，还得是「电影」。
柯得姬女士,力荐,以为穿越是为了改变她的人生轨迹，竟然只是了却自己的遗憾。原来从天而降的大胖妞无论有多重，她都会毫不犹豫接住她的宝儿。裤子无论多破，她都会缝成小熊。今生母女一场，只能化作目送。以为她希望我有出息，原来她只需要我平安。以为她想换个女儿，原来她从没后悔。以为多了解她，原来还是误会了她。
kaiichi,较差,看电影最厌恶的就是电影里的人强行煽情哭了但是看的人很尴尬。喜剧部分也做得不怎么样，沈腾说是男一的戏份但是存在感比陈赫还弱，更看得人难受了。
二月鸟语,推荐,7.8/10，强烈推荐！片子拍的真好，真正意义上的笑泪齐飞，超出预期太多。贾玲的情感太真了，看小品的时候就哭的稀里哗啦的，没想到看电影哭的更厉害，看的时候想起了我的母亲，共情力太强，最后一幕眼泪根本止不住，现在想起来心里还酸酸的。故事改编自贾玲亲身经历，当你带着诚恳的真挚的感情去拍片，观众一定会找到共情。相比那些带着虚假情感强行煽情的作品，贾玲的真情实感最打动人！
管 理 员,力荐,感谢贾玲，我们太需要女性视角的影视作品了，在女性眼里，女人不和性挂钩，不被凝视，所以不需要少女，不需要磨皮，滤镜，让人看的非常舒服，今年春节最佳了
刘源,还行,仅强于《囧妈》，结尾不错改分了
李梓楠,推荐,在夏洛特烦恼的穿越梗用得已经烂大街的时候，贾玲用亲情再次焕发了生机
有点意思诶,很差,我求求这群演员了，真不是是个人都能当导演
🔅,力荐,一开始觉得冷特的角色多余，晓玲总要回来的，这样留下一段感情对冷特来说很残忍，后来反转了才明白根本不是穿越，是妈妈为晓玲创造的梦境，在妈妈创造的梦境里，为了抚平晓玲的自卑而创造了冷特的角色，妈妈想告诉女儿 她也值得被爱。
树大陈,还行,到底是一种怎样的执念，让焕英这老母亲，在人生最后的回光返照里，在明知晓玲的破洞牛仔裤是流行的情况下，都要把那洞给缝上？
Endurance,较差,8分？是因为我没看过开心麻花，对这个体系的喜剧存在一些误会吗？我以为自己对贺岁片已经够宽容低期待了，唐探，飞驰人生，流浪地球，都是手松一松能给4星的贺岁片，但李焕英是真的不行，毫无新意，所有的场景台词都是能找到一百八十个前辈的陈词滥调，听听你妈年轻时候的故事都比买票跟着别人哭强啊，脱离不了屎尿屁和融梗的国产喜剧，太廉价。尊重贾玲的心意，但不认同这是一部值得夸赞至此的电影。
玛琳菲森,较差,我讨厌煽情喜剧！即使再感人  流泪会有种被“打亲情牌”而被占便宜的感觉
夏无隅,力荐,戴口罩看这种电影太反人类了，哭得口罩都湿了，糊在脸上好难受
Susie,推荐,贾晓玲从天上掉下来李焕英“我的宝啊”小小瘦瘦的冲过去一下子戳到我了
刘大壮,还行,观感有些复杂 哭了但你又知道这个哭是生理性的，被煽动的你不太确定那是不是感动，你为这样的自己感到厌恶
南悠一,较差,电影有一种聪明的真诚，可是这种真诚并不新鲜，每隔一长段时间，从让人疲惫的视效大片出来，你都能找到类似的感动，在国内电影市场上成为黑马。我们被这样的片子感动过太多次了。创作者不能老是这么拍电影，观众亦不能老是做煽情大保健。它起了一个坏示范，无法从沉湎于悲伤中，走向理智，走向探索生活本质，因而它用冗长的煽情，绕开了现实的复杂。在某种程度上，它绑架了大多数母亲，建立一种刻板的母亲形象，抹掉了母亲形象本身的丰富，也绑架了身为子女的观众。从技巧上，即使对比《相爱相亲》情节剧，它也缺乏力量，就更难对比类似《痛苦与荣耀》里母亲和子女作为独立个体相互平视的亲密关系。真的，我们不需要黏糊糊的中国式不分你我的亲情，我们不需要下跪父母，我们更需要在这种亲情中，走向人格的独立、人的平等和思想的升华。
野生丹尼,较差,基本上和夏洛特烦恼一个套路，穿越过去弥补现实生活的遗憾。但剧本比不上夏洛打磨的千锤百炼。能看出贾玲对母亲的真挚感情，但不足以撑起一部电影的篇幅。
起个名字太难了,力荐,“你以为自己已经很爱很爱妈妈了，妈妈却远比想象中更爱更爱你。你以为自己是在为妈妈圆梦，没成想只是她陪你做了一场好梦。”
浑河,力荐,本以为是女儿为母亲造的一场梦，却原来是母亲为女儿造的一场梦。我个人比较难get到贾玲的笑点，但是后半段一直哭到最后一张照片和字幕。妈妈也曾经是少女啊。
冲动Si魔鬼,还行,吹的太过了，6.5分顶天了，整个就一个小品，这样的画质和声效离影院标准差太远了，网播就行了。据说投资3.8个亿，少两个0都不影响效果。要不是我的免费票没别的看了，真不会看。
zjl234,力荐,"那句""我宝""真是让我眼泪都要下来了"
张小北,推荐,让观众笑的同时还能笑中带泪，这不是靠技巧能做到的。贾玲在《你好，李焕英》里也不是靠技巧去和观众交流的，她是真掏心掏肺，心无杂念。这真的是她的人生，她的遗憾，她的渴望，普通观众在电影院里看到这种故事，根本抵挡不住，笑着笑着情不自禁眼泪就下来了。80 后也到了开始怀旧的年龄了，美好的 80 年代在好几部电影中都带着暖色滤镜出现了——不是那个年代真的有多好，那只是一代人再也回不去的理想国。光滑洁净的回忆，必定映衬的是坚硬冰冷的现在。为什么都开始怀旧了？因为意识到自己面对生活已经逐渐无能为力了。虽然可以刷抖音快手的短视频来暂时地麻醉自己，但你放下手机的同时就会忘记刚才自己在笑什么。真正能让一代人同悲共喜还走心的，还得是「电影」。
起个名字太难了,力荐,“你以为自己已经很爱很爱妈妈了，妈妈却远比想象中更爱更爱你。你以为自己是在为妈妈圆梦，没成想只是她陪你做了一场好梦。”
遇見小怪獸🌈,较差,放在大过年，大年初一给老子哭？？？？为什么喜剧一定要哭！不哭不行嘛？？
已注销,很差,注水严重，5分钟的小品拖沓到俩小时。感觉就是一大堆喜剧明星的拼盘电影，夏洛特烦恼+中国女排的升级版。最后强行煽情，不知所云。
BananaCo,还行,千万别和你妈一起看这片，特别是知道你妈当年有的选并且选错了而且你现在不太行的情况下，看完我只敢聊去哪吃饭
二月鸟语,推荐,7.8/10，强烈推荐！片子拍的真好，真正意义上的笑泪齐飞，超出预期太多。贾玲的情感太真了，看小品的时候就哭的稀里哗啦的，没想到看电影哭的更厉害，看的时候想起了我的母亲，共情力太强，最后一幕眼泪根本止不住，现在想起来心里还酸酸的。故事改编自贾玲亲身经历，当你带着诚恳的真挚的感情去拍片，观众一定会找到共情。相比那些带着虚假情感强行煽情的作品，贾玲的真情实感最打动人！
浑河,力荐,本以为是女儿为母亲造的一场梦，却原来是母亲为女儿造的一场梦。我个人比较难get到贾玲的笑点，但是后半段一直哭到最后一张照片和字幕。妈妈也曾经是少女啊。
炼金巫师,较差,这片子好时机，能这么高分，只能说明人民群众的情感匮乏到什么程度了
Mia,很差,微博上发不出负面评论，怒打低分。浓缩成一出小品 或者 拍一个短片，也许会不错。作为一部电影，一塌糊涂。难过。
zjl234,力荐,"那句""我宝""真是让我眼泪都要下来了"
李梓楠,推荐,在夏洛特烦恼的穿越梗用得已经烂大街的时候，贾玲用亲情再次焕发了生机
九只苍蝇撞墙,还行,2.5。比较精彩的一段是沈腾上台表演二人转但是台下观众都被热血沸腾地感动了这一场，能看出贾玲对舞台喜剧的理解有点周星驰的劲头在里面。但小品串联加嚎啕大哭以眼泪冲刷银幕的组合实在不能称之为电影。我觉得华语电影能留给母子情的眼泪体量就只有三十多年前的《妈妈再爱我一次》这么多，剩下的都有点相形见绌，这也意味着单纯刷眼泪没意义。看到现在，整个华语电影界只有周星驰具备把悲剧拍成喜剧的作者能力，其根本点在于它他悲喜剧的着眼点皆是瞬间情绪的凝聚捕捉发散和释放，而非对一段外在物理关系的纠结缠绕左思右想生死不舍。前者是电影，后者再惹笑好哭，也还是春晚小品。
恰帕斯东风电台,很差,如此成功地调动了观众的情绪和心理，诠释了电影作为一个现实生活的宣泄口和安慰剂，在意识形态上功能可以多么强大。越是回到过去，我们离现实越远。实际上，你和你妈的矛盾，根本不是靠两个人重新选择可以解决的，而是靠你妈接受了你的平庸，达不到社会成功人士的标准。可是，有出息的标准是注定不会被质疑的，只恨发财买车没有早一点，让妈赶上享福。这难道不是一个成功人士对“失败者”的冷酷规训吗？最后，观众在愧疚、自责和遗憾中流下感动的泪水。可是，女性之不幸，原来终究是子女一代的错吗？社会变迁、家庭结构，隐没在母爱的伟大里，逃避了追问。我为这样地利用一个母亲而感到悲哀，因为她的不幸仍要在这个大地延续下去，在循环往复的过新年里被虚假地应付，实际上这不幸是永远过不去的。
cranberry_zoey,力荐,挺细腻的一部剧吧。以为是帮妈妈圆梦，其实是妈妈陪女儿回去帮她圆梦。我这一辈子过得挺幸福，你咋就是不信呢？
奶油小方,力荐,从妈妈张开手喊着“我宝”去接人那瞬间开始，哭到停不下来。你以为自己已经很爱很爱妈妈了，想尽办法让她开心，其实她更爱更爱你，她包容你、守护你，甚至下辈子也舍不得让你当妈妈。笑点有，泪点足，反转到位，其实剧情的反转就是感情的反转，因此带来的触动是极大的。除了陈赫这个角色以及这条感情线略鸡肋，其他我觉得都很好。真诚永远是最打动人的，这部电影真的很用心、很真诚。【8.2】
Susie,推荐,贾晓玲从天上掉下来李焕英“我的宝啊”小小瘦瘦的冲过去一下子戳到我了
Hindseer,力荐,什么电影手法，在真挚感人面前不重要
漫漫何其多,力荐,是我泪点太低了吗？一直哭一直哭，最后那一段哭疯了，唉我的眼泪真不值钱......本片重点不在于子欲养而亲不待，而是即使重来，依然是你。
李弗,还行,作为一部电影来说，是不及格的，严重过誉。剧情结构太弱，逻辑基础混乱，表演舞台化严重。强行抖机灵的台词和用力过重的表演，都让人尴尬得出戏，反而掩盖和混淆了剧作本身表达的内容。前半个小时，我深刻自我怀疑：就这？中间一个小时我满心期待会有更好的编排，却越来越失望。最后半个小时，我感觉被捏住脖子摁在地上强行质问：你哭不哭？体验极为不好😞
在逃赫鲁晓夫,力荐,电影的所有呈现，打四分其实就可以了，但是多出来一星要给到女导演视角下的女性主题，完全没有让人有任何不适（拉踩隔壁某探3）。没有刻意制造的笑点更没有刻意制造的哭点，一切都是很自然的发生了然后触动观众，这很难得。好喜欢贾玲，有谁会不喜欢贾玲呢。
莫失莫忘,很差,春节档电影票价很贵，选来选去还是看了这部，倒不是喜欢沈腾和贾玲，而是抱着宣传的噱头:喜剧片才带着爸爸妈妈去看，看完之后只有一个感觉，喜剧片不是各位的噱头，特别是春节元旦这样的档期，还有希望各位对喜剧演员的包容度稍微减一减，沈腾贾玲尴尬至极，还有一个要命的陈赫。。。。
咔叽k,力荐,看完之后感觉可能是春节档最好看的吧……有泪有笑，这不是一个人的感觉，是整个影厅的反馈
Endeavour,力荐,看哪，贾晓玲考上了艺校，打铁娘子队赢得了新的搪瓷杯，王琴靠自己的努力过上了更好的日子，而李焕英，她得到了一次重返青春的机会，真好。这些女孩都有光明的未来，而这也就是中国电影需要更多女性视角的原因。（理性角度来看，这部电影自带的一些争议以及很多稚嫩的处理手法，确实不应该拿到五星。但是揉揉自己哭肿了的眼睛，我确实没办法公正的打分。一颗心都捧出来给观众看了，这不叫技巧性煽情，而叫真诚。）每位演员的表现都让这个剧本变得更加熠熠生辉（包括热评里觉得多余的一些角色的演员），而这部电影也证明了，不用一些带有性别倾向的梗（无贬低之意），也能让人发自内心地笑出来。最后表白结尾的文字：每个母亲，都曾经是少女。而在母亲这个身份之前，请不要忘记她是一个独立的人。
無機物。,力荐,你以为妈妈不知道，其实她什么都知道；你以为她已经够爱你了，但她远比你想象的还要更加爱你。
🌸🌹🍀,力荐,女性导演还是会更细腻一些，结局并没有刻意要所谓的“圆满”，贾玲第一次导戏非常成功啊👍
大虫之风,较差,实际上三星都很勉强的……豆瓣分太高了8.2，好吧2星……没有任何创新，剧情拖沓，强行煽情……
奥特喵,力荐,李焕英阿姨 您女儿可太棒了 她真的好爱您 也真的很遗憾妹让您坐上敞篷车 看着她现在事业有成 我也好爱我的妈妈 希望您保佑所有妈妈都健康平安 长命百岁
惊现美玉,力荐,看评论时有人说了这样一个观点，我特别特别赞同：“看这个片会哭地很惨的人都是特别幸福的人，因为能和贾玲产生共鸣说明有一个爱你的好母亲，一个只想你幸福快乐无私付出的母亲，但现实中也有一些人不那么走运，ta们的母亲可能自私，也会让孩子寒心…因为不是全天下的母亲都是合格的母亲，所以看哭了其实真的是一件特别幸福的事，这足以说明你幸运地拥有一个好妈妈。”
酸梅子红茶,力荐,这是这几年看到的国产影片中，从头到尾让人感觉最舒服的，这应该和导演及编剧是以贾玲为中心的女性团体有关系，在脱离了男性凝视，在不用女性当工具人的电影中，女演员的魅力被无限放大，不知道男观众如何想，但是作为女观众完全感受到了，那种仿佛闪着光的被超放大的魅力，把李焕英不只是作为母亲，更多作为一个飒利的女性的角色呈现在观众面前。
方鸿渐,力荐,贾玲和他爸的乔杉真像啊！
朱丽叶,较差,"看完真是气死了，求求中国的导演了，拍喜剧就纯粹点吧，咱别煽情别拔高别搞低级催泪行吗？我花了比平时贵的票价是来寻开心的不是来哭的啊喂。本来前半部分还算是精致轻松的风格，后半部分就又往煽情的低级趣味上去了。对，亲情确实很容易感人很容易把观众弄哭，咱们能不能选个难点的level,把它拍成云淡风轻，春风化雨好不好？真TM妥妥春晚小品风。躲过了春晚，却没躲过这货。"
苦艾,推荐,如果没有最后二十分钟，这部电影也就是一般只能打五分的程度。贾晓玲吃着包子忽然意识到什么开始哭，然后前几十分钟铺垫的情感一泻千里，哭得我撕心裂肺。结构能让内容翻倍地表现出来。另外，女性视角的女性真的太美好了，不只是张小斐，中年妈妈和阿姨也很可爱
相逢何必不认识,较差,看过这个小品，人都没换，变成电影了。。。作为骗钱贺岁档一点诚意都没有，史上最i差，看不下了。如果你看过贾玲的小品，看过这个的话。我不知道你什么心态。看什么不好看这个。实力劝退。嘴一句，是挺感人，但是我都说了。
我是你爹,力荐,有时候不需要太深的立意，故事流畅，人物真诚就很足够了
空空的天空,还行,是不是被隔壁唐3给惯的了，明明也就一般的片子，怎么一下就彪到30亿了，贾玲真应该感谢一下陈思诚
郫县豆瓣小王子,很差,嗯，观众们对喜剧的包容度挺高的，小品版就没看出个所以然。
Nana在18年夏天,力荐,诚然这部电影有很多不足之处，但它是唯一一部后劲大到让我看完还哭了俩小时的片，我中途还纳闷过为什么李焕英脾气那么好，晓玲把她的结婚证撕了她都不生气，后来揭晓原因时我已经泣不成声。对于电影，技巧只能加分，真情才最动人。
有朵雨做的云,较差,豆瓣也开始水了
J.S,还行,承认是贾玲的真实感情，但仅限于此。
大聪看电影,推荐,太意外了，意外的好看！影片喜剧成分的编织就不多说了，这本来就是贾玲的强项专长，不过在剧情的伏笔和安排上，却让人看到了真诚的真情，真挚的真实。影片取材的灵感来自于贾玲和母亲李焕英的真实故事，贾玲正是为了怀念因为去世的母亲，才有了做这电影的冲动，结尾的处理真的让人破防，这是一部不能剧透的电影，推荐去影院感受那种笑中带泪的氛围，相信能唤起大家的家庭共鸣，尤其是带着父母去看，效果倍佳。贾玲作为一位新人导演，这次成绩单交得真的棒！
それでも,力荐,完虐隔壁姓唐的好么？
Vol de nuit,还行,从片子本身来说，算不上优秀大作。许多人抹着眼泪给出了春节档高分，一方面是其他对手太不争气，另一方面，最重要的原因，大家把高分投给了全天下所有人的妈妈。
THE9-刘昊然,力荐,你好李焕英或是春节档最佳
胡小邪丶,很差,所有不是沈腾主演却写他主演，预告片就减他出场的部分骗我去看的片子全部最低分
frozenmoon,还行,结尾给整部电影涨了分，前半部分的笑料设计其实很一般，处于也可笑但又确实又有点勉强的线上。
岳岳（已出家,推荐,多一星给最后的反转
... ...,推荐,电影一旦入了真情 讨论技法之类的似乎就落了下乘 
Sk8erBoi,力荐,得知两个人一起穿越，很催泪，想要用手接住从天而降的女儿那个画面也是泪点
akdyaks,还行,提前看影评说会哭的稀里哗啦 所以看的时候我一直在憋着等最感人的时候再哭 结果憋着憋着就结束了……
SSnn,很差,mv级别的电影
玛尔vel,力荐,贾玲现在不仅健康快乐，还出息了，焕英阿姨你看到了吗
嗷嗷,较差,好无聊好无聊，旁边的小朋友被无聊哭了，真的难看。不知道要讲什么，笑点还都很尬，贾玲演的这个人真的好奇怪，还一直愁眉苦脸的，她煎熬，我看她也煎熬。看在沈腾的份上两星吧，张小斐也还行
yiclub,还行,题材很容易共鸣，不代表就拍的很好，就很中规中矩，甚至不如唐人街
innerpeace,推荐,其实影片前面部分很一般，最多3星，但确实最后情真意切，加一星
江湖骗子,较差,陈赫的戏份太恶心了，和贾玲一起躲雨，陈赫和贾玲肥胖身躯挤来挤去恶心死我了，尴尬到我脚趾母都扣起了。
yn,还行,被捧得很高的贺岁档 感觉剧情有点俗套 全片唯一的亮点大概是她妈也穿越了吧
孔鲤,推荐,《你好，李焕英》是一部好电影，好就好在不可复制。它的戏剧结构和那些穿越作品都是不一样的。穿越作品或者是与过去的自己和解（《夏洛特烦恼》），或者是与过去的父母和解（《乘风破浪》）。《你好，李焕英》的特殊之处在于，女主穿越过去时就带着要帮年轻的李焕英完成心愿、让年轻的李焕英更开心的目的。换句话说，它在带着观众用主角视角完成着他人的故事，戏剧压力事实上来自主角在试图解决他人的困境，甚至做出了主角巨大的自我牺牲。李焕英是导演兼主演的贾玲现实中的母亲，情绪和信念是不需要表演就能达成的。换了一个导演和演员来做，一定会有大量的戏剧调整，但它也许反而不能真正打动人，因为情绪不够真。所以《你好，李焕英》是一部好电影，当一个导演敢于把最真实的情绪掏出来时，电影就不可复制了。它好就好在不可复制。
洞人,还行,所有人都把它吹上了天，但这就是一部笑点低级强行煽情的小品式电影
浪花一朵朵,力荐,终于有一个女主角，或者说是妈妈形象不再是人忍气吞声，忍辱负重的了。就喜欢焕英的洒脱和大气。
白马会所大股东,很差,太刻意了，结构方面甚至可以说还是个小品
贺美好,还行,这么说吧，带了很多纸巾，没用上。
布拉德家小皮特,很差,30/100 俗套至极的剧作本就奠定了不佳的观感，而后大篇幅的自我感动更叫人尴尬得无地自容。也许贾玲真的把电影当作了小品，如乱炖的类型语气割裂了所有闪光点，却依然妄图用“真实事件”来掩盖除了俗套的情感升华什么也不会的事实，并且前者早已在矫揉的煽情桥段里被消弭得一干二净。在影院看纯粹浪费票钱。
年器,力荐,玲啊，真好，真好啊。妈妈飞扑过去接住女儿时喊出地那句：“我宝！”直接让我在电影院把眼泪流进了衬衣。真诚的编导才能换取观众的真心，打动观众的故事才能称得上好故事。中国喜剧能拥有这样一群创作者实在是非常幸运。
Pineapple,力荐,从前有个女儿，为了让妈妈长脸，宁可让别人家的孩子代替自己的位置，结果呢，妈妈从一开始就知道她的小心思了，默默地陪她玩这个游戏。因为，妈妈只想要女儿健康快乐。
郑晨光,力荐,大过年的，一家人看一部有笑声、有泪点的电影，出了电影院还能一起开心地聊聊，还有比这更适合过年的吗？
鱼京,还行,剧情感情不落俗套，但煽情手段太落俗套，为什么国内电影都是这种【外放】的形式来煽情升华啊！！在影院里一边心里吐槽一边忍不住跟着哭的心情真的好崩溃
李梦,推荐,真情动人
一只鸡蛋🥚,力荐,女导演太棒了，喜剧并不是一定要黄段子！！前面合家欢喜剧尬点很少，后面猝不及防的高潮呜呜呜呜呜呜，世上只有妈妈好。
人间过客,还行,镜头像微电影的质量，几个穿越情节设计得毫无新意，甚至俗，立意容易打动观众，但没有任何艺术感。评分这么高票房这么高，说明中国观众的艺术审美落后。
我叫伍嘉铨,还行,带着口碑去的，有点强行感人的味道，评分高可能都是同行衬托得好
夜行动物,力荐,前面笑到人仰马翻，结尾哭到无法呼吸。贾玲对妈妈的爱在电影里淋漓尽致的展现，忽然觉得拍好一部电影或许真的不是那么难的事情。你看贾玲就做得挺好
柠檬炸弹,推荐,要说贾玲才华横溢那肯定是没有的，这部电影也确实像一个大型小品。但是以近年的喜剧片横向比较，至少这部基本没有那些低俗笑话。虽然离高级幽默还有距离，但足以为同行表率。在悲剧内核里嵌入喜剧是本片成功的重要前提，而这悲剧不仅在于对主角的同情而更多是共情，就再给影片增加了后劲。结尾显得长而直白的煽情是减分项，我想说导演不要太低估观众，最好的表达方式不一定要说出来，让悲剧在喜剧性之下涌动可能更好。
敖厂长,较差,过誉了真的。。。大概就是贾玲小品集锦+王牌对王牌煽情套路。
忘川.秋水,力荐,女性主义的电影，描绘的每一个女性角色都很可爱，我喜欢王琴阿姨，看到电影最后她是靠自己的努力工作抓住机遇才得到后面富裕的生活，就很庆幸贾玲没有让这个角色流于俗套。整部电影最巧妙的地方就是在于最后一部分——双穿越。确实催人泪下。但是父母真的对孩子没有要求吗？我想并非天下父母都是如此。但是真挚的感情可以打动人。
次等水货,推荐,当你以为自己和电影中的贾玲一样拥有一个全知视角时，可能正是你要被这部电影深深催泪的时刻。电影最后，当另一个我压根就没有预料到的视角被打开的那个瞬间，我的眼泪就止不住了，真的太感人了。
意绵绵,推荐,很温暖。导演能力一般，但感情无比真挚。我几乎觉得这并不是在演戏，而是完全打开式的在分享自己。看到贾玲在电影里失控般哭泣，我无法不流泪，热泪盈眶。
彭尼尼,力荐,前面100分钟笑点密集，笑得人仰马翻，后面从贾玲奔跑那里没忍住看哭了，全片没有拉垮的演员，满分好评。
柯里昂,较差,单纯对穿越梗感到反感与厌恶。
无快乐,推荐,真的很好哭。脱离了男性凝视，镜头聚焦的胸和屁股。我只记得李焕英的每一个漂亮裙摆，被风吹起来露出一截细长的小腿，原来每一个妈妈都曾是美丽的少女。
小黄人,还行,额… 电影不差 ，但也没有那么好吧… 8.1过誉了 ，6.8分差不多了
叮叮铛铛咚咚铛,力荐,“人在委屈的时候就会想妈妈”
郑茗友,很差,花100块去看贾玲怀念她妈，我还不如花100块请我妈吃顿饭！
慕小白,推荐,故事说不上新颖，可是母亲这个点总是能打动人，希望每个做母亲的女生记得对自己好点，不要牺牲不要伟大，让自己开心快乐很重要。
Heartfield,推荐,3.5，之前从来没觉得乔杉和贾玲长得这么像。
sTill-Life,较差,既没让我笑也没让我哭，每个“爆笑”段落都尬出天际，最后又来一个大型煽情。片尾曲第二首是啥玩意？第一次遇到这么赶客的片尾曲。还有那段女儿撮合妈妈相亲的戏，跟这个年代催婚的母亲们有啥区别，约等于把“时代倒退”几个字打在了大银幕上。唯一让我共情的点在于即使是有李焕英这么好的妈妈，做女儿的也一直一直在努力想让妈妈高兴。这说明大多数母亲都让孩子感到亏欠，而孩子却在无条件地爱她们——宁愿不出生，也希望妈妈能过得更幸福。
overblue,力荐,好真诚 诚恳得不像一部电影 像是一首散文诗 
Lemon 丶,力荐,在贾玲说出对啊，我妈怎么会缝的那一瞬间整个电影在这里开始反转，从这里开始显得不一样，我爱这一瞬间！！！！
阿卡卡,力荐,有一个影评人说过，其实好作品没有什么标准，只要她打动了你，就是好作品。张小斐那句“我宝”出来我都哭抽抽了，无论在哪里，妈妈的本能就是保护孩子。BTW我真的无法正视沈腾了，他不说话站在那我就很想笑
小萌同学,力荐,“打我有记忆起妈妈就是个中年妇女的模样，所以我总忘记妈妈曾经也是个花季少女。” 
J!N,力荐,想让隔壁唐探3编剧瞧瞧  什 么 T M D 叫 反 转
小废物,力荐,让这部电影挂在中国影视的前列，告诉所有电影人，电影是抒发自己情感引起全国共鸣的好办法，质朴的手法、真挚的感情就能获得观众的理解。
Jinspace,力荐,诚意之作，希望往后能多一些这样的电影，少一些圈钱工业垃圾，没错，说的就是陈思诚。
城外人,还行,没有想象中的好看，中规中矩，评分虚高。
叱咤﹎Ｍ●,还行,前面这些天听够了大家的笑死哭死等夸张评论，眼瞅着春节档这唯一的8分电影满怀期待，看完后内心一片狐疑“就这？？？”不管是造梦还是穿越都特别偷懒，甚至编剧都没想怎么去说服观众，只想我逗你们笑让你们哭就行了，然而这电影既不好笑也不好哭。一切都特别矫揉造作，甚至还不如当初的小品好笑，也不如贾玲在综艺节目里回忆自己妈妈煽情。沈腾的出现就好像贾玲需要一个拉票房的演员，然后靠友情求过来硬塞进来。你以为这就够工具人了？那么陈赫的出现让你无比困惑，他存在的意义是什么？
tyty1121,力荐,最美好的一幕是贾玲在山坡下，看着她爸骑车奔向她妈。我就想着，我也愿意去我妈的年轻世界里走一走。
彬彬唯爱甜甜,力荐,好好笑啊！而且没有令人不适的颜色笑话，女性视角就很棒👍🏻虽然有点煽情但是不妨碍好笑
嘿你的菠萝,较差,就这？就这？8.3分？我居然花了60块在大年初三去看了这么一部电影？？大家对中国电影要求这么低了吗？我承认有些许的小亮点，题材也不错，所以在我心里它可以打到及格线6分，但是这完全没有到优秀吧？剧情老套，转折生硬，最后一大段贾玲的哭戏哭了我一地尴尬的鸡皮疙瘩…哪怕换个有演技些的演员我都能再多打一星，一整部电影就像是强行煽情的哄闹小品，居然能上大银幕还有8分的高分？我服
大作人家王書紀,还行,熟练地搞笑，稚嫩地煽情
Wxyyyyy,还行,贾玲最后干吼的那一段太尬 ，有时候悲伤真的不是靠哭来让别人有共鸣
三个过儿,力荐,上映前评价不好，我就觉得就当爆米花搞笑剧图一乐吧。看到一半觉得这绝对算搞笑剧里的一流作品。看到最后，我错了我全错了，这一流喜剧啊，好笑但又戳泪点，而且这泪点真的不是一哭即完。还有片尾那些话让我回顾起剧情更难受了，说贾玲靠妈赚钱的能消停会儿不？
"
            
        ",推荐,"
                            这篇剧评可能有剧透

                        事先声明，本人会以漫画党的角度来看待《巨人最终季》每一集动画的制作水准，从原作漫画角度出发来解析动画改编制作中优秀与不足的地方，同时涉及大量剧透，观看本篇文章须谨慎。 作为一个原作漫画粉丝，我不得不承认，MAPPA所带来的《巨人最终季》第一集的制作水准真的让我非...

                         (展开)
                    "
"
            
        ",力荐,"
                            这篇剧评可能有剧透

                        先不打分（虽然应该无论如何都是五星），只评价剧情。 油管大神soul关于艾伦和莱纳的那期视频相信大家都看过（没看过的指路B站BV124411F75R），在那期视频中，他将硬币定义为【人们为什么要互相争斗】，硬币的两面则为【双方各自眼中继续战斗的理由】，然而看完视频的观众应该...

                         (展开)
                    "
"
            
        ",推荐,"
                            这篇剧评可能有剧透

                        事先声明，本人会以漫画党的角度来看待《巨人最终季》每一集动画的制作水准，从原作漫画角度出发来解析动画改编制作中优秀与不足的地方，同时涉及大量剧透，观看本篇文章须谨慎。 作为一个原作漫画粉丝，我不得不承认，MAPPA所带来的《巨人最终季》第一集的制作水准真的让我非...

                         (展开)
                    "
"
            
        ",力荐,"
                            这篇剧评可能有剧透

                        《进击的巨人》是一部我很喜欢的作品。随着第四季的开播，也忍不住想要说些什么，所以便挑了从简短的OP入手。 解读皆是个人的理解，不同的人会有不同的解读。在这里写出来是为了抛砖引玉，同时表达对于这一部作品和这一部作品的最终季的赞美。我相信制作方和原作者的在这一部作...

                         (展开)
                    "
"
            
        ",推荐,"
                            这篇剧评可能有剧透

                        事先声明，本人会以漫画党的角度来看待《巨人最终季》每一集动画的制作水准，从原作漫画角度出发来解析动画改编制作中优秀与不足的地方，同时涉及大量剧透，观看本篇文章须谨慎。 作为一个原作漫画粉丝，我不得不承认，MAPPA所带来的《巨人最终季》第一集的制作水准真的让我非...

                         (展开)
                    "
"
            
        ",推荐,"
                            这篇剧评可能有剧透

                        事先声明，本人会以漫画党的角度来看待《巨人最终季》每一集动画的制作水准，从原作漫画角度出发来解析动画改编制作中优秀与不足的地方，同时涉及大量剧透，观看本篇文章须谨慎。 作为一个原作漫画粉丝，我不得不承认，MAPPA所带来的《巨人最终季》第一集的制作水准真的让我非...

                         (展开)
                    "
"
            
        ",力荐,"
                            这篇剧评可能有剧透

                        炸了炸了！ 名副其实的神作回来了！！！ 豆瓣开分，9.9！ 开播仨热搜，整整在榜上挂了两天。 UP终于赶上见证了一次神作的诞生。 作为一部曾因特殊原因全网下架的作品，能达到这种热度，出圈已是共识。 提起《进击的巨人》大名，其神作地位在漫圈已然口碑载道，一骑绝尘。 拿到...

                         (展开)
                    "
"
            
        ",力荐,"
                            这篇剧评可能有剧透

                        [视频] 本文涉及《进击的巨人》第四季第八集的剧透，还没看的就不要往下看了。 剧 透 分 割 线 剧 透 分 割 线 是的，萨莎死了。 对动画党来说，这无疑是一个暴击，因为萨莎在第一季就登场了，陪伴我们度过了整整八年的时光，结果她还是没能陪我们走到最后。 对漫画党来说也是...

                         (展开)
                    "
"
            
        ",力荐,"

                        yo，来了，坐呀。 4月9号就要迎来《巨人》漫画大结局（可能吧），又是一部特别宏大的，有着很强文学性，历史反思性，哲学性，批判和讽刺的作品迎来大结局（或许吧）。 然后网上又很多人去讨论结局，是烂尾，还是完美收官等等。 为了更好往下聊，我们先来前情提要一些关键剧情，...

                         (展开)
                    "
"
            
        ",力荐,"

                        2013年追的《进击的巨人》第一季，当时也是现象级的动漫。最近集中看完了第二季和第三季。昨天，第四季第一集正好接上。 虽然看到第三季结尾，觉得动漫所能体现的超越现实的一切“理想”和“梦幻”都已经结束，包括对于种种对于意志、人格，乃至深入意识本身的东西的追求，都已...

                         (展开)
                    "
"
            
        ",力荐,"
                            这篇剧评可能有剧透

                        由于知晓了剧情，即使语言不通也能迅速融入。扑面而来的是灰蒙蒙的土色战场，私以为这是最适合Final Season前半部分马莱工业帝国的色彩基调——尤其是和前三季墙内世界（类）中世纪社会高饱和度的色彩斑斓对看，作者（制作组）对于工业时代与前工业时代截然不同的色彩运用显得...

                         (展开)
                    "
"
            
        ",推荐,"
                            这篇剧评可能有剧透

                        自始自终，《进击的巨人》笼罩在一种难以驱散的压抑阴霾之下：剧中的人们能相互理解，但理解对解决争端毫无帮助，和平是脆弱的、相对的，而冲突与自相残杀才是永恒的、必然的，无论怎样的良善动机都难以避免血腥的结局。这就是除了“自由”之外，贯穿全剧的另一个主题——恐怖...

                         (展开)
                    "
"
            
        ",力荐,"

                        诶..朋友们好啊，我是鬼灭之刃观众——鬼老师 刚才有个朋友问我鬼老师发生肾摸事了，我说怎么回事，给我发了几张截图。 我一看！嗷！原来是佐天，有一个MAPPA社和一部动漫。 一个出过几部动画，一个曾经出圈。 他们说，诶...有一个说是我漫改动画被漫画观众喷了，鬼老师你能不...

                         (展开)
                    "
"
            
        ",力荐,"

                        萨沙是《巨人》中人见人爱的角色之一，我一直觉得她是《巨人》中的一股清流、一个独特的存在。这个基调从她第一次出场、面对魔鬼教官旁若无人地吃白薯的时候就奠定下来了。在其他角色一个个苦大仇深、全部背负着悲惨过往的情况下，唯有萨沙始终那么简单善良，一直保持着难得可...

                         (展开)
                    "
"
            
        ",力荐,"

                        天官赐福打一星是因为它抄袭了进击的巨人，巨人粉丝不满所以才被打一星的，而它们给进击的巨人打一星则是激化矛盾，最后招黑的还是它天官赐福。或许进击的巨人被打一分是因为众口难调，但是，你们天官赐福粉为了报复进击的巨人粉丝打一分，没有用更是愚蠢的。该改正的是制作天...

                         (展开)
                    "
"
            
        ",力荐,"
                            这篇剧评可能有剧透

                        【漫画内容剧透警告！！！】 不知道大家有没有想过—— 分明是描写人类战争史的《巨人》，为什么要引入“有机生物的起源”这一概念？ 并且这个“有机生物的起源”，还是一切罪孽的导火索，整个故事的核心与开端？ 这个问题严重带偏了我理解《巨人》的视角。我之前猜测“道路隐...

                         (展开)
                    "
"
            
        ",力荐,"

                        立场一旦转变，正义也会露出獠牙。正义必胜，那是理所当然的，因为胜者即为正义。巨人要表达什么？战争的残酷，人性的自私，被恐惧支配的各式各样的人所做出的各式各样的选择，距今发现最早的人类头骨中就已有矛头，人类对暴力的渴望是刻在基因里的，所以人又是野兽，但是人又...

                         (展开)
                    "
"
            
        ",力荐,"
                            这篇剧评可能有剧透

                        12月7日，这本该是平平无奇的星期一，但这一天却被一部日漫新番给彻底的热血起来了。 它就是《进击的巨人》第四季，也是该系列动画的最后一季，艾伦和巨人的故事即将要被画上动画史上最完美的句号了---单凭一集即收获豆瓣近1万用户打出9.9的超神分数！ 事实上，自2013年动画化...

                         (展开)
                    "
"
            
        ",力荐,"
                            这篇剧评可能有剧透

                        E1 记录一些自己觉得有意思的地方。 法尔可短暂失忆时出现了拿着刀剑到处飞的幻觉，跟第一季艾伦还没成为进击的巨人的时候同样看到了三笠头发变短了很类似，严重怀疑是进击的巨人的能力，动画党猜测结局可能是法尔可继承了进巨。🤓🤓 在战争上，下级士兵是需要无条件服从命...

                         (展开)
                    "
"
            
        ",力荐,"

                        首集MAPPA就用强悍的制作水准证明了自己的实力。我原以为凭着第四季原作剧本的质量，只要MAPPA发挥出WIT霸权社80％的水准，都应该保9.8争9.9了，现如今看到了MAPPA展现出的实力，我觉得只要MAPPA能够稳住，最终的得分应该是9.9，至少在我内心是这样的。 长话短说，巨人是我看过...

                         (展开)
                    "
"
            
        ",力荐,"

                        《进击的巨人》是一部不断重演的历史，前三季从墙内的战争开始，一直到第三季末，从走出墙外看到了新的世界，当我认为第三季仍然是他们的冒险时，第四季着实让我眼前一亮，它以马莱国为主要视角，来讲述国家内的种族歧视和对墙内恶魔的不断仇恨。不过这种视角抽离了前三季我们...

                         (展开)
                    "
"
            
        ",推荐,"

                        wit studio放弃制作巨人最终季让许多巨人粉感到遗憾和不解，当中有许多复杂的因素，不过主要原因还是不挣钱+没精力。不挣钱并不是指巨人这个项目不挣钱，而是对现在的wit来说，制作巨人已经捞不到太多的利益了。 2012年P.IG在完成《罪恶王冠》的制作后，IG.port宣布成立子公司w...

                         (展开)
                    "
"
            
        ",力荐,"

                        第一部以为是热血逆袭番 第二部以为是人性探讨番 第三部以为是政治斗争番 到现在才发现作者的布局如此庞大，将人类的爱恨情仇喜怒哀乐从不同的视角展开，给予战争双方以及每个人以足够的解释空间。当对观众揭开真相的背面，以敌对的视角观察，他们还会相信绝对正义存在吗？公平...

                         (展开)
                    "
"
            
        ",力荐,"

                        第四季动画part1的16集完结了，对应了原作的91-116话的主要内容。这四个月的时间，每周更新的一集都能冲上热搜，看来关注度也是历史级别的了。但是，《进击的巨人》第四季热度高同样带来的巨大的问题：首当其冲的是随之而来的各种批评与指责；以及原著漫画在4月即将完结所带来...

                         (展开)
                    "
"
            
        ",力荐,"

                        作为19世纪以来最重要的哲学思潮之一，“存在主义”自降以来就对全世界的哲学、文学、艺术产生了深刻影响。克尔凯戈尔、尼采、陀思妥耶夫斯基、让·保罗·萨特、阿尔贝·加缪、波伏娃……这一个个熟悉又陌生的名字通过哲学和文学影响了一代一代人的世界观和人生观。 现在，这种...

                         (展开)
                    "
"
            
        ",力荐,"

                        过去人犯的错，现在人承担被报复？ 100年前人犯的错，要让年轻的妈妈被吃？ 洗脑的厉害的贾碧，或者不愿意面对？ 人总是看到自己愿意看到的东西。 相反，总是过滤掉自己不愿意看到的东西。 死活不相信不承认别人的善良！ 在她眼里，别人不是个体，个人，而且一类人，那就是恶魔...

                         (展开)
                    "
"
            
        ",推荐,"
                            这篇剧评可能有剧透

                        《进击的巨人》是什么时候开始变成一部政治动画的？ 不知何时，这部作品洗脱了当年使其火出圈外的热血与猎奇标签，在成人政治题材中越涉越深。如果要选出其风格转变的标志性场景，我认为那是第三季的结尾：在明媚的阳光下，艾伦手指眼前的湛蓝海洋，问出了整部作品的核心问题：...

                         (展开)
                    "
"
            
        ",力荐,"
                            这篇剧评可能有剧透

                        21年2月5日第二次更新 写在前面 在谏山创发布官方公告后，《进击的巨人》的最终话的发售日期终于确定在4月9日，这也让读者们看到了这一长跑的终点。同时的，第136话的内容在分割、搭建最终舞台的同时，为谏山创对于人物一贯的把控能力做出了证明：不会为了情结将角色当作工具，...

                         (展开)
                    "
"
            
        ",力荐,"
                            这篇剧评可能有剧透

                        花了几天把几季都看了。我只想说，进击的巨人太好看了。我宣布，我的人生分成看进击的巨人之前，和看进击的巨人之后。 想想之前看第一季时匆忙写下的观后感，啊，真是太天真。对自由的向往？对命运的不服？啊，还是太年轻。故事哪有这么简单。 进击的巨人的伟大之处在于构建了...

                         (展开)
                    "
"
            
        ",力荐,"

                        我觉得巨人4我目前最喜欢的就是最喜欢的就是第五集了。 很多人觉得最后宣战布告的时候做的不够燃，也不够有史诗感、震撼感，但我恰恰觉得这种平淡而又处处透露着诡异的感觉才最适合这个场面。 诡异感。 反差的诡异感。 战争的荒诞感。 像这一季的op也颇为人所诟病，但我个人觉...

                         (展开)
                    "
"
            
        ",力荐,"

                        想到了自己出生入死的兄弟； 给家人描述帕拉迪岛恶魔令人发指的行为，谁会进到厕所会忘记是要上大号还是小号的真是太可恶了，往事如云烟，是思念，是内疚，是军人职责的反问，是莱纳内心冲突矛盾的真实写照。 下面这一秒的闪现先看了两遍没明白，大半夜暴雨中从屋顶滑落的人是...

                         (展开)
                    "
"
            
        ",推荐,"
                            这篇剧评可能有剧透

                        最终季，说实话，本来感觉马趴还挺用心的，但是越看越觉得不对劲。不仅人物频繁“整容”，整个画面还给人一种黑乎乎，朦朦胧胧，看不清的感觉（应该不是国内片源的问题，我看11区生肉直播也是这个感觉）。很多经典场景都没有巨人内味，作为老粉只能摊手无奈。 所以在巨人完结之...

                         (展开)
                    "
"
            
        ",力荐,"
                            这篇剧评可能有剧透

                        多年以后，莱纳回到故乡，吃货莎夏的出场依然让他念念不忘。 莎夏是谏山创在《进击的巨人》中修改次数最多的人物，几易其稿才塑造出这位神经大条的“吃货少女”。 每个吃货都有自己沉迷的小世界：在新兵入伍仪式中，士兵们站得笔直，齐刷刷接受教官的洗礼。当柯尼被骂得狗血淋...

                         (展开)
                    "
"
            
        ",力荐,"

                        【进击的巨人】从最开始一个人类打巨人怪兽的故事，推延展开成为一个多线程多矛盾多视角的故事，人民、英雄人物和政府之间的矛盾，一个政府政权中不同势力之间的矛盾，不同民族种族之间的矛盾，同一种族在不同国家之间的矛盾。作者成功的构建了巨人力量的世界观，又成功嫁接了...

                         (展开)
                    "
"
            
        ",力荐,"

                        刚刚播出的第七集给我很大的震撼，在艾伦这个”恶魔“的操控下，马莱国零距离地、结结实实地吃下了战争的苦果。很多人开始对贾碧有所理解和同情，认为她和艾伦一样，都是在愤恨于战争带来的巨大苦痛之后，才会有那么多丧心病狂的举动。然而在我看来，贾碧真的无法和艾伦相提并...

                         (展开)
                    "
"
            
        ",推荐,"

                        写这篇文章的主要目的是揭露一个类似饭圈的恶臭群体，有一些人专门私信去骚扰那些给巨人第四季打差评的人，比如下面四张截图，都是明显被私信骚扰过的人（不要去管别人打了什么差评，任何作品都免不了有差评，这是正常的），因为豆瓣并没有把所有打一星的短评放出来，所以只能...

                         (展开)
                    "
"
            
        ",力荐,"
                            这篇剧评可能有剧透

                        巨人这部动漫绝对是一部反战动漫，里面对于战争残忍的描述淋漓尽致。尽管如此我知道很多人一直说，喜欢秋山好古这个战犯的作者，我们中国人怎么能接受？我不知道你们是不是被哪个营销号洗脑了，作者用他作原型，就一定说是崇拜他吗？在漫画后期，这个以秋山好古为原型的司令官...

                         (展开)
                    "
"
            
        ",力荐,"

                        第一集里有一个伏笔和手法使用得非常好——Falco昏迷时的记忆以及他醒过来时的“既视感”。这段内容起到了两个作用：一个是视角上的作用，另一个是剧情上的作用。 我们分别来看看这两个作用。 首先是视角上的作用。Falco的“既视感”这一段内容最直接的作用就是切换了视角。提...

                         (展开)
                    "
"
            
        ",力荐,"

                        《进击的巨人》是一部难得真实的动漫作品，它真实地表现了不同人物内心的快乐欲望、纠结痛苦，从内核逻辑上相对真实地还原了我们这个社会里的等级秩序、道德体系、价值取向、政治法则。作者没有脸谱化地塑造角色，也没有粗暴地给人物强加上正义使命，而是把每个人都置于两难境...

                         (展开)
                    "
"
            
        ",力荐,"

                        进行曲一样的op 发生在帕拉迪岛上的事情在马莱重新上演。马莱的军国主义，用恶魔的后裔侵略扩张，实质上是不折不扣的恶魔。 报复，复仇，带来的是无尽的战争，杀戮。 什么是真正的正义？ 谁是善良的？谁是恶魔？ 在国家机器下生活的人民，什么才是真相？ 艾尔迪亚人，一个充满...

                         (展开)
                    "
"
            
        ",力荐,"

                        出第四季之前我以为第三季已经是巅峰（后来看漫画越来越受震撼），OP听起来满是荒唐和毁灭，还有绝望，画面冲击性挺高，以及全曲真的好阴间也真的好洗脑otz 萨沙的死早有心理准备但每次看都感觉是自己的心口被开了一枪，早已接受又不敢相信，104期生里她、让和康尼是最让我感觉...

                         (展开)
                    "
"
            
        ",力荐,"

                        汉尼斯被巨人撕碎的时候，我和艾伦一样咬住了自己的手，狠狠地咬着。艾伦怒吼着，流着泪狂笑。这是整部巨人最让我共情的时刻。艾伦站在米卡莎面前，挥出了一生中最漂亮的一拳，整个世界都是他的千军万马。 可当艾伦第一次站在海边，他发现这里根本没有自由，在海另一头的是敌人...

                         (展开)
                    "
"
            
        ",推荐,"
                            这篇剧评可能有剧透

                        贾碧这个人设确实是用力过猛，恶心到了读者和观众。不过还可以理解，JSC（谏山创）就是想要描写一个讨人厌角色的转变。 然而阿尔敏的人设就不仅仅是用违和可以形容的了。完全就是崩塌。 在之前几季中艾伦、阿尔敏、三笠是牢不可破的铁三角，他们互相理解并且拥有绝对的信任。 ...

                         (展开)
                    "
"
            
        ",力荐,"

                        看完第四季了，说下自己的理解。 我猜想整部进击的巨人探讨的高等级文明与低等级文明如何共存的问题。 高等级文明: 艾尔迪亚人，获得了巨人的力量，拥有基因编辑技术，可以改变人的基因以克服病毒/变成巨人。 低等级文明: 其他种族，开始处于冷兵器时代，现在已过渡到热兵器时...

                         (展开)
                    "
"
            
        ",力荐,"

                        下面就是追番时候的一些个人感受了，做个小小的记录～期待第二部分早点出！！！ #海的那边 一集也太爽了！ 盾牌工具人莱纳也太惨了（捂脸） 个人没有看过漫画后面的剧情，就很好奇别国有科技，莱纳有巨人，那艾伦他们国家的优势在哪里。 （原来科技已经赶上来了呀） #战槌巨人 ...

                         (展开)
                    "
"
            
        ",力荐,"

                        马趴接手后画风大变啊，不过还好兵长还是一如既往的好看。艾伦也变好看了，阿明和三笠……额，算了。 让我印象最深的还是op，太阴间了也很容易上头，反正再加上ed，真的绝了。从各方面来说都是绝佳的作品。 至于主题立场什么的……太复杂了啊，每个人都有每个人的看法，反正能...

                         (展开)
                    "
"
            
        ",推荐,"
                            这篇剧评可能有剧透

                        進撃の巨人Season4Part1 210329✅ 濑古浩司卡的趴1结束时间让我心情复杂，已经不是如鲠在喉了，是鲠都放不进嘴里。👊🏻💢 追了漫画以后我时常在想，进击的巨人为什么不简单是一个人类对抗天敌的故事呢？这还是我所期待的故事吗？好像总有一些我自认完美的期待落空。但...

                         (展开)
                    "
"
            
        ",力荐,"
                            这篇剧评可能有剧透

                        人性战胜了绝对的自由，终结了偏见造成的战争 其实看完漫画最新一期，我眼泪流的停不下来，一仔细回想，眼睛还是忍不住的湿润。能想到最贴切的话来形容我看到的，就是上面这句了。艾伦是绝对自由的化身。选择阻止地鸣的人们，是人性的化身。但是他们都是自由的，每个人选择的自...

                         (展开)
                    "
"
            
        ",力荐,"

                        难以言诉。 谏山在悲剧上演之前还穿插了团长当年临终前兵长的承诺，在看到黑暗隧道终点的曙光之前，在大家都释然叹了一口气的时候…… 果然世界上的正义还是应该由慈悲构成。 如果世界终将转手给弗洛克那样的年轻人，那所有的老年人都是罪过，为何不能将历史的教训传给下一代，...

                         (展开)
                    "
"
            
        ",力荐,"

                        之前也是没怎么看过，自然也就没着急，没概念，成功攒下了《进击的巨人》1，2，3季，然后一口气看完。 反正我之前是没见过哪部动画片讲述战争致使动画角色精神分裂的。 当然了，我说的就直白些，而《进击的巨人》作者谏山创呢，这位先生是正着讲，反着讲，站着讲，坐着讲，来回...

                         (展开)
                    "
"
            
        ",力荐,"
                            这篇剧评可能有剧透

                        这部片真是太好看了！之前听说过利威尔兵长，据说挺受欢迎，看过踩点混剪，相当帅气。看完这部片，不止兵长可爱，其他角色也很喜欢！ 本着看一集了解一下剧情的态度点开视频，然后一发不可收拾，连续看了两天才看到最新集，第四季13集，心有不甘又去追了漫画，追到138话。动画...

                         (展开)
                    "
"
            
        ",力荐,"

                        从14年开始看第一季时，我坚持不看漫画，我相信这是一部比漫画好看的动漫。其次，我不想在已经剧透的前提下再去看动漫，所以，这么多年我一直屏蔽任何有关巨人的资讯和讯息。等续作的这几年，我也经历了人生最低谷时期，所以再回来继续看，也有着与自己的见解和感受。现实生活...

                         (展开)
                    "
"
            
        ",还行,"

                        自古以来，收尾最难。对于《巨人》来说，就更加了。 《巨人》如此受欢迎的一个原因，它真实地映射了这个世界，这个世界发生的事情本身就足够吸引人，让人震撼，如果能在文艺作品里表达出十分之一，就是无可比拟的神作了。 人都是自带立场的，而且一定带立场，同一件事，不同人...

                         (展开)
                    "
"
            
        ",力荐,"
                            这篇剧评可能有剧透

                        11集真是文戏的高光，人性的丑脸。 看到11集的时候，当卡亚质问贾碧她母亲做错了什么，被巨人生生啃死。她们一辈子都没出过这个村这道墙，没有害过人没有坏过心，又为何被残戮至此？贾碧军国主义的种族歧视诡辩是：因为艾族曾经对世人犯下了不可饶恕的罪孽。 艾族的先辈杀了人...

                         (展开)
                    "
"
            
        ",力荐,"
                            这篇剧评可能有剧透

                        我发现我还是要写一写。昨天当我一个人的时候，甚至在读伯林的时候，不断想起其中的片段，真的悲伤了。 昨天想到的一点是，其实在整个叙述中，那些离主角圈较远的，被巨人（不论是莱纳的巨人还是艾伦的巨人）无端伤害的市民，甚至是士兵都被严重忽略了。我们很容易忽略他们的牺...

                         (展开)
                    "
"
            
        ",力荐,"
                            这篇剧评可能有剧透

                        5星给制作，制作也退步了看着没之前舒服，反正漫画看到138为止我是不想给5星，动画后面收不住再改。 也许作者出发点和立意确实在更高的地方，但他表现出来的东西一开始就跑偏了。简单来说猎奇的部分已经盖过主题了。在这种设定下大家已经破罐破摔当成一个黑暗猎奇的作品来看，...

                         (展开)
                    "
"
            
        ",力荐,"

                        他始终活在火焰内侧，枯木之上的枝桠落为灰烬，朽骨之中的髓液焚作云烟。 燃烧的水，冰冻的大地，广袤的砂砾之雪原，墙外的世界曾令他魂牵梦萦。 如今一切都已改变，地狱尽头的景象终于铺陈在他眼前——燃烧的水中流淌着腥污，冰冻的大地被凝固的血迹所覆盖，广袤的砂砾之雪原...

                         (展开)
                    "
"
            
        ",推荐,"

                        《巨人》的故事结构很好，伏脉千里。从第一集第一个镜头，“艾伦从关于未来的梦中哭泣着醒来”开始，就把整个宏大故事结构展现在观众面前。 《巨人》要回答的是“怎样的牺牲是最大的牺牲？”这个问题。为此，作者创造了“进击的巨人”这样一个角色。这个巨人在13年一个轮回的生...

                         (展开)
                    "
"
            
        ",力荐,"
                            这篇剧评可能有剧透

                        我清楚地意识到，自己是从马莱篇后开始将艾伦视作最喜欢的角色的，并且完全颠覆了此前对他的既有印象。 对于我个人来说，艾伦最吸引我的点在于他强烈的「自我毁灭」倾向。这是我在前三季所没有意识到的。然而一旦我理解了这一深深根植于艾伦灵魂之中的「诅咒」，对于艾伦短暂的...

                         (展开)
                    "
"
            
        ",力荐,"
                            这篇剧评可能有剧透

                        「巨人」最终季对于战争、仇恨的态度是明确而一以贯之的，“我认为莎夏之所以被杀，是因为在森林之中徘徊了太久”  。森林里的孩子们，是莎夏、利维、贾碧、艾伦、莱纳……甚至是我们观众 我确实不喜欢贾碧，低情商，不可爱，整天打打杀杀（确实和对镜子喊“战斗”的某人一样）...

                         (展开)
                    "
"
            
        ",力荐,"
                            这篇剧评可能有剧透

                        在这一画中出现了平行世界的平行结局，当米卡萨面对艾伦回答艾伦我是你什么人这个问题时回答的是恋人，艾伦不顾一切带着米卡萨逃离了，在平静的山村中隐居，艾伦度过了最后的四年，却仍然什么也没有改变，轮回还在继续，恐怕这个结局才是艾伦灭世的真正原因，如果艾伦不发动灭...

                         (展开)
                    "
"
            
        ",力荐,"

                        之所以引入贾碧这个人，目的可能不是因为这是以后的主线人物，所以花费很多情节在她上面，而是因为作者要通过这个人展现艾尔迪亚人并不是恶魔，每个人都是一样的，不管是岛内还是岛外，所有人都面临这同样的困局，大家并没有什么不一样？ 但是或许很多人要痛恨贾碧的，因为观众...

                         (展开)
                    "
"
            
        ",力荐,"

                        前中期神作，结局有几处bug，但瑕不掩瑜： 烂尾1：解决不了民族与民族之间的生存矛盾，强行造出个怪诞虫来作为boss解决 烂尾2：机械降神 空降设定，漫画从来没有说王血巨人濒死状态，会有一个巨人从地上冒出来拯救濒死的王血巨人，所以吉克濒死的时候被一个地之巨人刨进肚子里...

                         (展开)
                    "
"
            
        ",力荐,"

                        前中期神作，结局有几处bug，但瑕不掩瑜： 烂尾1：解决不了民族与民族之间的生存矛盾，强行造出个怪诞虫来作为boss解决 烂尾2：机械降神 空降设定，漫画从来没有说王血巨人濒死状态，会有一个巨人从地上冒出来拯救濒死的王血巨人，所以吉克濒死的时候被一个地之巨人刨进肚子里...

                         (展开)
                    "
"
            
        ",力荐,"

                        最新的一集也是要命，和平世界的普通人的世界只有白和黑，而战乱年代的孩子更加可怜，通过几个小孩子大大是想告诉世界战争中所有的人都是受害者吧，我想说的是要想不被人欺负，自己就得强大，尤其不能内耗，加油艾尔迪亚人…………………………………………………………………...

                         (展开)
                    "
"
            
        ",力荐,"

                        我好久没有被虚构故事虐到了。 7年前第一次听说这个漫画，阳光给我介绍的。那时好像只进行到了第40话左右的样子。我认真听阳光给我讲漫画里的人物和剧情， 觉得故事设定挺新颖的，但没有想更多，只觉得这可能是众多经典热血漫画当中的一个。 直到前年，看完第三季动漫，特别感...

                         (展开)
                    "
"
            
        ",推荐,"
                            这篇剧评可能有剧透

                        好多年前看巨人漫画，追到艾伦去墙外调查，碰到女巨人，就没了，然后一个月一更新，感觉酣畅淋漓的剧情，突然就停滞了，不过瘾，渐渐就没了耐心，就断了。 后面动画出来了，但我是一个习惯看漫画的漫迷，加上前面的情节都知道，看了两集也没追了。 最近官宣最终季，作者也发布...

                         (展开)
                    "
"
            
        ",力荐,"

                        138话，永别了，知晓了自由的少年。其实也是永别了104期少年。 如果说这个自由是高墙之内看不到的“知晓真相的自由”，像黑客帝国里的blue or red，不止艾伦，大家都会选真相。 知道真相后呢？要赶在抵抗地鸣的高科技发明出来前发动地鸣守护艾尔迪亚人，但屠杀始终是屠杀，就像...

                         (展开)
                    "
"
            
        ",较差,"

                        mapp真的是马莱孝子啊，前几集马莱篇一点没崩。到了帕到就崩的跟鬼一样，还专挑艾伦名场面去崩。搞得动画艾伦像个傻子一样。 真的就是伦黑，后面艾伦的帅照肯定又崩。已经不做期待了。 画说，一个制作组不应该是用客观的角度去做动画的吗。怎么肉眼可见的对马莱方的孝顺，对艾...

                         (展开)
                    "
"
            
        ",推荐,"

                        光从虚构世界动画来说，真没说的。但是再好的故事，总会局限在作者的思想里。还是那个经典的选择题，撞死一个人和撞死五个人你选哪个。一个是不堪屈辱自杀谢罪的种族灭绝，一个是我可负天下人不可天下人负我的种族灭绝。2000年历史的始祖尤弥尔，和日本2000年的历史很巧合的重...

                         (展开)
                    "
"
            
        ",力荐,"

                        区别于其他的我们也觉得好看的动漫，进击有内核，它在传递某种价值引发了我们许多的思考，其他动漫好看但我们感叹的只是制作精良或者讨巧的设定，但是剧情薄弱，更偏向于娱乐化而不像巨人具有严肃性思考。 巨人是“打破次元壁”的一部顶级神作，有大神分享下巨人故事的梗概和内...

                         (展开)
                    "
"
            
        ",推荐,"

                        并不是粉丝，纯粹是看到巨人更新到最终季才看的，看到第四季才知道还有个part2啊吐血！ 按道理应该追完再评价，但看到现在也没有很上头，以免后面追更不及时或者遗忘掉，还是趁热写一写。 这部动画大陆不让播是有道理的，虽然架空+人种大杂烩，但看的时候不代入日本这个国家不...

                         (展开)
                    "
"
            
        ",推荐,"

                        谏山创在艾伦这个人物上彻底露了怯，本质上艾迪尼亚就是战后日本，艾伦也不过是一个标准的三岛由纪夫式的战后青年，谏山创这么年轻一个人，却是个精神上的战后青年，进击的价值观何存？ 本季手法上也是莫名其妙，大段的全靠对话推进剧情，自己也知道观众会哈欠连天，就强行插入...

                         (展开)
                    "
"
            
        ",力荐,"

                        作者同时对于宗教和现实，哲学和科技都有如此深刻的理解； 在宏大叙事的同时，又对历史车轮无情碾压下的小人物的个人情感有那么细腻的捕捉；在刻画现实的同时，又能描写天马行空的神话；简直就好像一个人同时拥有理科生和文科生的脑子一样，太不可思议了（上一次有这种感觉的作...

                         (展开)
                    "
"
            
        ",力荐,"

                        最新一集也出来了，而我在无比期待和好奇心的驱使下补了动漫，只能说巨人的发展简直是前所未有的精彩，无尽的战争把世界分离隔息，无数的憎恶和渴望自由催生出坚定和勇气，但战争却是没有任何情感可谈，战争简直是善良的反义词。 马莱的进攻正如当初艾伦他们在马莱上发动战争一...

                         (展开)
                    "
"
            
        ",力荐,"

                        1.致三笠与艾伦 当看到第六七集时，终于等到武戏；巨人可聊的太多；这篇只重点欣赏三笠与艾伦之间的“爱” 艾伦与三笠有着一直相互护持的情义，而当三笠看到艾伦吞噬一个又一个巨人；她的心会不会很难过，想到市丸银当日所说：“如果明日开始我将化为蛇,开始噬人,用那张噬人的...

                         (展开)
                    "
"
            
        ",力荐,"

                        进击的巨人，第四季，补充1名日语翻译。 每周一播出，想参与的同学可以尽快报名考核。 非盈利，无报酬，没有工资的 日语翻译需要N1水平（参考130分左右） 需要周一凌晨开始翻译，周一上午，白天都有空闲时间的同学参与翻译与字幕制作， 不能拖稿。 名额有限，有意向的同学请找~...

                         (展开)
                    "
"
            
        ",还行,"

                        垃圾不需要分析。 但非得让我写140个字，那么我再打几个字： 那么大的监禁牢房，就一个守卫，让两孩子杀人跑路，还没人追，什么玩意啊。 字还不够，继续： 我不知道是漫画作者急着想结束，不够铺垫空间了，还是制作公司MAPPA没有导演水平烂，我懒得去看漫画比较，最终季到目前...

                         (展开)
                    "
"
            
        ",力荐,"

                        昨天刚看了第十集，好多悬疑啊，好揪心啊，不知道艾伦的目的是什么，感觉他变了，…………………………………………………………队友也开始怀疑他了……………………………………………………………………，岛上的人们都人心惶惶的，女神也怀孕了但是眼里已经没光了，好压抑好...

                         (展开)
                    "
"
            
        ",力荐,"

                        谏山创二十出头便构思出了当时还只是脑海中雏形的《进击的巨人》的结局，想来觉得有些人在某些方面确有天赋。 最终季对应漫画中的马莱篇，鸟儿拉升高度离开残酷的战场，与第一季中飞跃高高的城墙，它们才是自由，而人类眼中永无真正的自由。 所有温情都将在这一季消散，毁灭的...

                         (展开)
                    "
"
            
        ",力荐,"
                            这篇剧评可能有剧透

                        第四季一开始，世界真实的样子在我们面前徐徐展开。 1、二战德国 军人的制服，酷似元首的脸，居民的袖章，一切都像极了二战的德国。 孩子也被迫参军，上战场杀人，因为希特勒养了一群由儿童组成的特工队。 人们被洗脑严重，不论大人还是小孩，都陷入了战争的狂热中。 2、犹太人...

                         (展开)
                    "
"
            
        ",力荐,"

                        萨沙的死是一个分界线，至此104期兵团算是真正的分崩离析了，作者在这把萨沙写死，除了因为她真的没什么好写的了(背景、经历都介绍完了)，还因为她是最纯粹、最没有目的入团的吃肉少女，只为了吃饱饭而入团，没有任何抱负、仇恨、责任的一个纯真的存在死了，也间接代表着整个番...

                         (展开)
                    "
"
            
        ",力荐,"

                        巨人第一部，当年我是守着每周一集更新的。 高潮迭起，疑云密布。 又悬疑又热血。 看得我欲罢不能。 2017年第二季出来之后，我看了一集就没继续看了。直到过年无聊，又从第二季开始看。结果一开始根本停不下来，直接追平到最终季第九集。 本以为这是一部热血打怪番，但是看到后...

                         (展开)
                    "
"
            
        ",力荐,"
                            这篇剧评可能有剧透

                        1⃣️看到莱纳，觉得当二五仔还是惨，你会对心中的正义产生迷失，哪边才是对的，没有答案。2⃣️被第三集结尾惊到了啊啊啊啊啊啊啊啊！！！3⃣️看到第五集艾伦变身，又惊又悲，其实都知道，但还是“无可奈何？”“成为恶魔？”4⃣️三笠帅炸了噢噢噢噢噢噢噢...

                         (展开)
                    "
"
            
        ",还行,"

                        进击的巨人不是传统的热血战斗番，观众完全可以把它当成恢宏的历史剧，没有纯粹的反派，没有真正的胜者。而马莱篇是巨人最复杂最精彩最有哲学意义的篇章，简而言之，谏山希望自己的读者感受痛苦，2015年，巨人被禁从2013年开始的七年时间已经足够让我们看到漫画中“反思战争”...

                         (展开)
                    "
"
            
        ",力荐,"

                        在这里，我不想去标榜这部动画多么多么伟大，值得满星推荐，在日本动漫史存在的地位，或者其中最新动画制作技术多么炫多么牛……该吹的很多粉丝都已经吹过了，该不喜欢的也追不到这最终季。 对于我来说，它很对我的口味，我很感谢在三十而立的时候还能看到这样的动画，并为之牵...

                         (展开)
                    "
"
            
        ",力荐,"
                            这篇剧评可能有剧透

                        《巨人最终季》的前几集，相比漫画，动画削减了对于莱纳的塑造，对此我是有些遗憾的。作为整部作品里现实主义色彩最浓、思辨性最强的主要角色，漫画马莱篇对莱纳的塑造精炼又厚重，层层推进。漫画100话《宣战公告》既是整个故事线的重大转折点，也是莱纳人物弧线中的高光时刻。...

                         (展开)
                    "
"
            
        ",力荐,"
                            这篇剧评可能有剧透

                        没有看巨人漫画，看的是动漫，说实话前面对艾伦很无感，感觉和别的热血番男主没大差就是都很爱冲，意志力坚定。但在我看来远没有团长莱纳这些人形象塑造的立体。现在看到刚更新的第八集，感觉我太糊涂了，这不是什么热血少年番。随着历史真相和世界现状的揭露，剧情越来越压抑...

                         (展开)
                    "
"
            
        ",力荐,"
                            这篇剧评可能有剧透

                        终于来到最终季了。 明明漫画还没完结呢，真是舍不得。三笠胖了，让老了，萨沙和康尼成熟了；但我的兵长依旧那么帅！每次都是化解危机的那个人。看完第六集献上膝盖，看完第七集五体投地！！新的立体机动装置也太帅了喂！ 也许由于物资的局限，艾尔迪亚人的军备装置不如马莱和...

                         (展开)
                    "
"
            
        ",力荐,"

                        想群殴贾碧的到这里集合！！！想群殴贾碧的到这里集合！！！想群殴贾碧的到这里集合！！！想群殴贾碧的到这里集合！！！想群殴贾碧的到这里集合！！！想群殴贾碧的到这里集合！！！想群殴贾碧的到这里集合！！！想群殴贾碧的到这里集合！！！想群殴贾碧的到这里集合！！！想群...

                         (展开)
                    "
"
            
        ",力荐,"

                        “你看见了吗？” “……我没看见。“ “我也没看见“ 萨沙的死亡并没有让我流泪，反而是心中冰凉。我当然惋惜于这样一个和观众情谊深厚的人的死亡，但对于贾碧，我却越想越对她痛恨不起来。从理性层面，我能理解她，理解她的愤怒，无奈和挣扎。作为人类，对于远在天边的人们的...

                         (展开)
                    "
"
            
        ",力荐,"

                        看到莎夏中枪的时候  心都要裂开了  就只想骂人  为什么  104他们一起曾经经历的一切  当时莎夏一中枪  脑子里就连成画面了  原来他们一起经历的一切  看到让的神态  真的能感同身受  那两个小孩应该有什么关键剧情  但是该说不说  为什么艾伦变得没有以前那么热血 那么莽撞了 ...

                         (展开)
                    "
"
            
        ",力荐,"
                            这篇剧评可能有剧透

                        作为上个月刚补到最新的伪漫画党，有幸提前挨了作者的刀子。 坦白而言，我对莎夏这个角色并没有特殊的情感。在巨人的众多人物中，论智力，武力，领导力还是执行力，她都不是拔尖的那个。唯一给我留下的印象就是那个爱吃，大大咧咧活跃氛围的搞笑担当。 长大后的莎夏出落成了一...

                         (展开)
                    "
"
            
        ",力荐,"

                        在已经看过漫画，知道这一集会发生什么的前提下，看到这一集，仍然是哭的不行。萨沙死了。 我想谏山创的反战思想，让他写死了萨沙。在战争中，哪怕你开朗、可爱、善良、勇敢，在没有任何武器的情况下，只拿一把弓箭就可以勇敢的直面巨人保护别人，还是个看到肉就走不动的小女孩...

                         (展开)
                    "
"
            
        ",很差,"

                        谁能解释一下这部动漫哪点好看。 中文名称 进击的巨人 出版社 讲谈社 原版名称 進撃の巨人 其他出版社 东立出版社 其他名称 Attack on Titan 出版期间 2010年3月17日- 作者 谏山创 单行本册数 全34卷[1] ISBN 9789861070995[2] 译者 張益豐[2] 类型 少年漫画、黑暗奇幻 连载杂...

                         (展开)
                    "
"
            
        ",推荐,"

                        21年才看并喜欢进击的巨人的  ，因为它提出了一个全世界民族都面临的问题""仇恨""。但从小的爱国教育有使我谨慎揣摩  我觉得作者的最核心问题是  讨论仇恨应不应该被后代或一个族群的后代继承？ 我觉得这部作品映射了日本对东亚国家所造成的罪行 的一个探讨，就是应不应该由现在...

                         (展开)
                    "
"
            
        ",力荐,"

                        马莱，一个军事主义国家，利用巨人之力侵略别国（曾用无垢巨人一夜血洗别国首都，再把仇恨转移到艾尔迪亚人），洗脑利贝里奥收容区。现在很多人喜欢拿艾尔迪亚剥削、压迫各种族千百年来说事，好，咱就来说说。以上是不争的事实，但是百年前两国大战结束后，马莱是怎么做的？与...

                         (展开)
                    "
"
            
        ",力荐,"

                        首先说明，这仅是第一季观后感，为什么写这里，因为没找到第一季的豆瓣地址 看完第一集，就知道了整个作品的基调，对于这部作品，脑海中只有两个词，压抑和绝望。 看见高墙，看见调查军团，就想起了《权游》的长城和守夜人 看见艾连的心声：把巨人杀光，就想起了死亡笔记的夜神...

                         (展开)
                    "
"
            
        ",很差,"
                            这篇剧评可能有剧透

                        不知道为什么总有一些人莫名其妙蹦出来说马来人无辜？ 我看了3季岛内人被迫害，多少人被屠杀，那个时候不心疼，现在反击，却说暴力？ 各位真是一个好上帝？ 只能说马来人自己做到如此，还怪别人反打打得狠？还无辜民众？？ 真是别让我笑了😊，两边都不无辜，打仗不死人，以为...

                         (展开)
                    "
"
            
        ",力荐,"
                            这篇剧评可能有剧透

                        总看见有人说支持地鸣，那我们不妨想象一下，调查兵团如果没能阻止地鸣，那帕拉迪岛的艾尔迪亚人会过上童话般幸福的生活嘛? 我想象了一下，得出的结论是——不会，岛上居民会陷入新一波的“被奴役”状态，残酷程度不亚于之前的。 以下我会说明我的理由，也欢迎大家想象其他可能...

                         (展开)
                    "
"
            
        ",力荐,"

                        「將敵人全部驅逐」的地鳴發動時，我必須承認還是有一絲反人類快感的。對於我來說，世界的惡是無解的，看反烏題材作品的時候常處於又興奮又無力的自我拉扯狀態，一次運動、一波新的掌權者後不過是換湯不換藥的權力征伐。「他看到革命前為貴族當侍者的老人，眼下仍然在為他和同...

                         (展开)
                    "
"
            
        ",力荐,"
                            这篇剧评可能有剧透

                        之前散漫地为前几季时不时地写过一些哲学式的思考，这一次还是依然写一些感想。最终季了，当一切谜底揭晓，恍然的感觉并不那么美好。片尾烟花炸裂的一瞬，我突然惊诧创山还是编织了一个熟悉却依然有新意的故事。 无论这个故事给多少漫迷们多大的冲击，有一点我认为值得我们大家...

                         (展开)
                    "
"
            
        ",力荐,"

                        “无论在什么时代，都在为了自由而战” ——追求自由真的是人类的天性吗？ 我相信是的，证据就是无论在什么时代，什么国家，人类都把“监禁”这种剥夺自由的手段当作惩罚，从来没有反例过。 “墙壁的另一边，有海 海的另一端，是自由 一直是这样相信着 但是错了 海的另一端有的...

                         (展开)
                    "
"
            
        ",力荐,"
                            这篇剧评可能有剧透

                        第七集 马莱方对巨人的依赖可见一般。普通士兵除了发几弹步枪，束手无策。也没有立体机动装置。马莱霸权完全是建立在巨人之力上。在岛内情报掌握完全，装备更新换代以后，巨人的优势迅速衰减。加上岛内掌握的进击巨和超巨，马莱这一仗的惨败也是意料之内了。 飞艇小队里有个黑...

                         (展开)
                    "
"
            
        ",力荐,"

                        第八集（有剧透） 在已经看过漫画，知道这一集会发生什么的前提下，看到这一集，仍然是哭的不行。萨沙死了。 我想谏山创的反战思想，让他写死了萨沙。在战争中，哪怕你开朗、可爱、善良、勇敢，在没有任何武器的情况下，只拿一把弓箭就可以勇敢的直面巨人，保护别人，还是个看...

                         (展开)
                    "
"
            
        ",力荐,"

                        1-25 第七集 看到现在，立体机动装置简直存在感为零，3D了个寂寞，完全没体验感，没美感。 立体机动装置明明有那么高光的时刻。我到现在都忘不了第三季下段pv中，艾伦急略过城墙，被立体机动装置甩上天空，飞身而下变成巨人的那一段动漫，我那时候仿佛得了恐高症，好像有高空的...

                         (展开)
                    "
"
            
        ",力荐,"
                            这篇剧评可能有剧透

                        看到好多人在微博上讨论说讨厌贾碧，说她不才不像艾伦呢。没错，她确实不像艾伦，艾伦从一个只想到墙外闯闯的小男孩，到眼看着母亲被巨人吃掉（那个巨人居然还是他爸的第一个妻子？？？）才一点点觉醒之路的。贾碧不是，从一开始以自己是小孩子的身份骗过敌军，使得战争胜利到...

                         (展开)
                    "
"
            
        ",力荐,"
                            这篇剧评可能有剧透

                        2021.1.25 看完第七集的想法 TMD烦死了 首先这一集很燃 从头打到尾 看得热血沸腾 车之巨人身心俱损 颚之巨人四肢分离 铠之巨人沉思乍现 兽之巨人惨遭手刃 超大型巨人毁灭开场 战槌巨人尸骨无存 进击的巨人很猛 不用说了 当然看的过程中也很愤怒和五味杂陈 其次就是三笠的脸没上...

                         (展开)
                    "
"
            
        ",力荐,"
                            这篇剧评可能有剧透

                        巨人的前三季拥有非常明确的主线目标 击退巨人and找寻巨人的秘密 从主角艾伦惊人的发言开始，基调就已经定性了 不乏热血，不乏战斗，不乏背叛与伤悲 虽然巨人远不止于此，但这是普遍观众比较容易接受的东西 所以每一季你都能看爽 而第四季开始，大量的换位描写，让普通观众无法...

                         (展开)
                    "
"
            
        ",力荐,"

                        三季的铺垫，作为观众的我们，基本都是站帕岛这边的。 如果没有先对马莱进行刻画，直接把第六集放第一集，那观众的情绪基本就像那个要放燃料烧光敌人的士兵一样，通通杀光，然后对巨人在当地的屠杀也会是冷漠无感的，反而拍手称快赞艾伦干的漂亮。 而如今，之前五集时不时偶然...

                         (展开)
                    "
"
            
        ",力荐,"

                        一部优秀的作品必须将矛盾作为其张力而贯彻在这部作品的每一个角落。这点让我想到了陀思妥耶夫斯基，陀就是如此对读者传达的，他笔下的角色“毫不顾及性格的一致性他们乐于向一切矛盾、向一切其天性能容忍的否定面让步”，他笔下的角色也一丝不苟地执行着陀思妥耶夫斯基地这一...

                         (展开)
                    "
"
            
        ",力荐,"
                            这篇剧评可能有剧透

                        哪个国家掌握了巨人之力，在若干年后，屠龙少年就变成了恶龙，残暴统治这个世界，令人震惊的是，一向以灭绝艾尔迪亚人为荣耀的马莱人，在对外战争中却将艾尔迪亚人变成无垢巨人空投，就如同二战中德国轰炸伦敦、日本轰炸重庆，隐喻之意发人深省 在马莱的艾尔迪亚人人权尽丧，从...

                         (展开)
                    "
"
            
        ",力荐,"
                            这篇剧评可能有剧透

                        1.  8.3 本季时间跨度较大，不要怀疑自己少看了几季。上一篇的结尾是调查兵团只剩九人，但是打败了三大巨人联手。然后少年们去了海边，相隔四年 法尔克看到了飞天砍巨人，证明其是王族后裔 2.  8.6 有条有序的讲述了亡国奴们屈服的原因，为了生存或者已被洗脑。莱纳这个角色的...

                         (展开)
                    "
"
            
        ",力荐,"

                        艾伦最终还是杀回来了，青年艾伦的青涩和复仇热血逐渐被反复的同类厮杀带来的冷漠所代替。他变成了进击的巨人向马莱的统治者复仇，一如多年前他的家园被巨人蹂躏。果然战胜巨人的唯一办法是成为巨人。至于丘吉尔说的，“我们一定可以战胜法西斯，我们唯一要担心的是变成法西斯...

                         (展开)
                    "
"
            
        ",力荐,"

                        巨人精彩的地方就是没有绝对的好人和坏人之分，而是要站在不同的角度和特定的时间线还有信息差去看待每个角色的行为 第一季，莱纳撞墙而入，巨人吞噬到艾伦妈妈那一刻，让艾伦从此埋下了复仇的种子，随着剧情的发展，揭开了莱纳的真面目，也解开了巨人的秘密，这个时候作为观众...

                         (展开)
                    "
"
            
        ",力荐,"
                            这篇剧评可能有剧透

                        🔶他竟然是艾伦！！！ 🔶刚看完第六集的我：？？？ ①所以究竟为什么要激怒全世界的国家？难道他们的目的就是要灭绝艾族人？ 我本来觉得戴巴家族的现任当家和艾伦有合作，但，不是解释清楚当初艾族的王才是真正的英雄不就好了？？？为什么还要说艾伦是坏人，引起全世界的敌...

                         (展开)
                    "
"
            
        ",力荐,"

                        之前一直觉得第四季的巨人一言难尽（没有想象中那么好）知道看到第六集，前五集的文戏铺垫，在第六集迎来爆发 第五季莱纳与艾伦的对话，那种窒息感营造得很强。第六集艾伦巨人化屠戮民众让我想到的第一季最初莱纳破坏城墙。锤巨与进巨、兵团与当地军队的战斗场面非常精彩，贾碧...

                         (展开)
                    "
"
            
        ",力荐,"

                        第五集中看似承认自己的谎言掩盖和错误，其实只不过是为了下一个谎言做铺垫而已。口中“热爱和平”，“受害者”却是战争的发起者和洗脑者。 莱纳和艾伦都是一开始怀着对方是恶魔，要杀死他们获得自由，但潜伏后发现大部分“敌人”跟自己一样，有好人有坏人，大家也有差不多的烦...

                         (展开)
                    "
"
            
        ",力荐,"

                        目前看到E06，得出一个结论，在如此虚构架空的历史里，不是人类灭绝艾尔迪亚人，就是艾尔迪亚灭绝人类，并无第二种结论。【更不用提漫画党所提及的地鸣力量，漫画看得不多，主要讨论动漫】 我是一名P社玩家，Stellaris【中文译名：群星】这款游戏，我花了大量时间进行研究，这...

                         (展开)
                    "
"
            
        ",力荐,"
                            这篇剧评可能有剧透

                        前排提示：剧透慎入 还剩3话《巨人》就要完结了，剩下的坑也不多了，大概率不会烂尾了。在完结之前，想谈谈自己对于《巨人》结尾的一些期待。 艾伦的意图 艾伦得到始祖巨人力量之后，向全体艾尔迪亚人宣称： 我的目的是保护我成长的帕拉迪岛上的人们。然而这世界都希望消灭帕拉...

                         (展开)
                    "
"
            
        ",较差,"

                        前三部优秀，第四部低质。没想到兵长还在就弃了。 最大的优点是画风好。目前总体算中上水平，评分三星半。 各种BUG崩人设。三星。 第八集 贾碧利用小孩的优势取得胜利。小孩在士兵面前根本没有力量优势，只有被保护不想杀害她的心理道德优势。她利用别人的善良反杀了他们而且对...

                         (展开)
                    "
"
            
        ",力荐,"
                            这篇剧评可能有剧透

                        现在是2021年1月10号前后，漫画刚连载到136话，同时作者声称将在3话内完结。过去几年每隔一段时间就有人跳出来说作者江郎才尽强行狗尾续貂，真到了这一天，又无不质疑作者怎么能用这么短的篇幅草率结局。 其实马莱篇同王政篇一样仅属于提鲜佐料，最终结局依然会着眼于巨人之力...

                         (展开)
                    "
"
            
        ",力荐,"

                        删了一些漫画中的细节觉的挺遗憾的，一共有四个细节， 1.威利看见家人的感情变为坚定 2.吉克听见威利希望艾尔迪亚人根绝的留意 3.东洋女士与威利说完话的离开 以上细节都会与后续剧情呼应，当然不是挑刺，就是帮助动画党更加顺畅的了解剧情和帮漫画党回忆一下。 本集还是挺满意...

                         (展开)
                    "
"
            
        ",力荐,"
                            这篇剧评可能有剧透

                        9.6/10 世界是一枚硬币的两面。 马莱篇真真正正翻开硬币的另一面，让世界得以展开，看完第一集实在只能用震撼来形容，酣畅淋漓的战斗最后归于沉静。战争之中没有胜者。 EP01 开头第一集真的太让人惊艳，从疑惑到恍然大悟到震撼到叹服，从热血番逐步转变为反战史诗，既富有哲理...

                         (展开)
                    "
"
            
        ",力荐,"

                        巨人第四季希望不要被捧杀了，我看过很多位百万粉丝up主吹巨人的同时也表明了这部作品虽神但同时也有缺陷，但毫无疑问的是，这部作品呈现的光芒足以抹平那些有瑕疵的地方 第四季第五集播出之后出现了非常多的网友吐槽艾主席破墙而出时的bgm没有以前的味道了，不够燃了，不够悲...

                         (展开)
                    "
"
            
        ",力荐,"

                        威利演讲与艾伦谈话的多次镜头转换真的很不错的。分镜我觉得没什么问题，二边讲话的转换很好的凸显了双方的矛盾与冲突，也将这种环境氛围烘托的很好。在威利说出艾伦名字时镜头转换到地下室，艾伦用巨人之力恢复肢体，向法尔科完全表明身份。威利讲完地鸣对人艾伦阐述“我是一...

                         (展开)
                    "
"
            
        ",力荐,"

                        戴巴家希望替换掉无法控制的现任军政府，让同情战士的马迦特队长掌权，应该只是第一步，第二步应该是和“宣战布告”一样，团结世界的力量攻克帕岛（帕岛啥时候有这待遇了）得到“毁灭者”“坐标”“惊异之子”艾伦，然后呢……遵从弗利兹王的思想墙内就得毁灭，反抗就是与世界...

                         (展开)
                    "
"
            
        ",力荐,"

                        进击的巨人S4E5 作为没看过漫画的动画党，我看到第五集真的被震撼了！前四集缓慢的叙事，隐忍到第五集终于爆发！ “莱纳，我和你一样。” 艾伦冷静地让人心疼。 从一开始的莽撞到如今的沉着，唯一不变的是那股一往无前的决心，为妈妈报仇，打倒所有敌人！永不退缩，永不放弃。 ...

                         (展开)
                    "
"
            
        ",力荐,"

                        “那一天，人类终于回想起了，曾一度被他们所支配的恐惧，还有那被囚禁于鸟笼中的屈辱”。艾伦·耶格尔的故事开始了，我和《进击的巨人》的故事也开始了！《巨人》牛逼！！！！从打巨人，到打王政，再到与整个人类为敌，《巨人》是在讲历史吧！！！打戏精彩到难以置信，文戏可...

                         (展开)
                    "
"
            
        ",力荐,"
                            这篇剧评可能有剧透

                        摩登政治寓言《进击的巨人》，放在哪个时代都不过时。 第四季第五话算是全剧巅峰之一，Willy Tybur的台上演讲，Eren和Reiner的台下地下室交心，一明一暗两线交织，相辅相成道出了谏山创刻画这本漫画的理念——这个世界压根没有救世主，有的只是立场不同、却本质相似的人类。他...

                         (展开)
                    "
"
            
        ",力荐,"

                        目前最期待的宣战部分确实做的有点可惜了 有两个点比较可惜 第一个点还是bgm的问题 不太懂艾伦和莱纳文戏的部分为什么要加一个第一季的燃点曲子 可能那会威利正在宣战的原因？(威利的声优可能力不从心了 没太表现出来漫画里的那种程度) 然后眼看快到结尾了 眼看艾伦快变身了 就...

                         (展开)
                    "
"
            
        ",力荐,"

                        巨人这部动漫/漫画真是越看越觉得压抑，因为太现实了，不管是其中人们的选择、想法、所处的体制，以及在巨大的变故后乌合之众的反应、盲目的愤怒，都是历史中经历过的，并且是未来还会无数次重演的情景。巨人是把最残酷最血淋淋的现实剖开给我们看，逼迫我们看着作者逼迫主角不...

                         (展开)
                    "
"
            
        ",力荐,"

                        太牛逼了 太牛逼了 艺术品！一集震我一次，从故事背景 宏大的世界观 每个人物细腻的设定 新的BGM简直不能太好，真的说用心制作的，让我写140字，，为难我胖虎了 就是牛逼就是牛逼就是牛就是牛逼就是牛逼逼就是牛逼就是牛逼就是牛逼就是牛逼就是牛就是牛逼就是牛逼逼就是牛逼就...

                         (展开)
                    "
"
            
        ",力荐,"
                            这篇剧评可能有剧透

                        是谁要编出冠冕堂皇理由来打帕拉迪岛，占领岛上资源和巨人之力？是马莱。 是谁滥用巨人之力于战场，让世人对艾尔迪亚人无比憎恨？是马莱。 是谁宣传艾尔迪亚人是恶魔这种舆论？是马莱。 中东联合国害你什么了？没有。 东洋国害你什么了? 没有。 欧良果鹏的故乡害你什么了？没有...

                         (展开)
                    "
"
            
        ",力荐,"
                            这篇剧评可能有剧透

                        写这个动作，并没有多少真爱，也没有博大家喝彩的动机，不过是，整理下看过的内容，留个档，为2021年第一天+第二天凌晨到天明，一个交代而已。[开篇即丧] 这次刷的是第三季城墙篇和第四季马莱篇，先看的马莱篇第一集，没看懂又返回第三季看的。 早有耳闻谏山创不大但作品超群，...

                         (展开)
                    "
"
            
        ",推荐,"
                            这篇剧评可能有剧透

                        今晚和巨人分析的up主聊天打开了思路 虽然我入坑还没到一个月但是我也要立flag了！坐等谏山打脸！但是我好开心我终于有对剧情自己的想法了！ 我觉得小艾伦的自由思想是大艾伦灌输给他的 十岁的艾伦的生长环境，百年和平。 学校是一定不会教孩子去寻找墙外的自由；表达对墙外的...

                         (展开)
                    "
"
            
        ",力荐,"
                            这篇剧评可能有剧透

                        我基本掌握了剧情的脉向，已经预见了最终结局，结局会是这样子：由于艾伦任性的灭世壮举，使他成为了本动漫最终最强BOSS，倒逼岛内与马莱藉艾尔迪亚人摒弃前嫌，团结一致与艾伦对峙，最后战胜艾伦，以此洗白了艾尔迪亚恶魔民族的身份，在新时代成为救世主一般的存在，从此与人...

                         (展开)
                    "
"
            
        ",力荐,"

                        2020、12、31 23    时27分连肝3、4两集， 元旦放三天假，第一天晚上回来就这两集了 艾朱席一出场就这么沉重... 啊这 头一次写竟然还要求不能少于140字 1.15日凌晨零点三十分更. 学校高三考试占用了教室，直接放家，周一早上开学， 看完第五集 五谷杂粮 下面名场面 世界是一枚...

                         (展开)
                    "
"
            
        ",力荐,"

                        花了一天半把《进击的巨人》追到最新一集，在经历了撕心裂肺暴风哭泣的第三季part2后，我继续被第四季激荡得长跪不起。巨人之文学性哲学性及其深刻宏大的世界观，已经甩了GOT几十条街。事到如今，巨人已经是我心中奥斯卡和诺贝尔的获得者。有人说豆瓣9.9分是不是虚高，我说，不...

                         (展开)
                    "
"
            
        ",力荐,"

                        真的很喜欢巨人，虽然不能说是印象最深刻，因为小时候看《风之谷》，给的震撼太大了。但是绝对是我最喜欢的动漫了。还有就是作者说了，他在画漫画的时候没有好好平衡好马莱这边人的剧情，有点少，导致大家不是很喜欢，很理解他们。制作组这么做。也是得到创哥授权的，目的就是...

                         (展开)
                    "
"
            
        ",力荐,"

                        感谢MAPPA！让我能看动漫了，当初我看漫画看到宣战公告的时候激动的不行，心想要是做成动漫该多好！太强了进击的巨人，最终季终于来了！现在每周就数周末晚上最开心！估计第五集就可以看见最精彩的一部分了，艾伦搞起来！凑字数凑字数凑字数凑字数凑字数凑字数凑字数凑字数凑字...

                         (展开)
                    "
"
            
        ",力荐,"

                        不会吧不会吧，还有人一个正经理由都拿不出来就一星吧，怎么这么努力的打一星巨人还9.8啊？看到僵尸打开你们的脑子摇了摇头失望的离开了，我的泪水就忍不住流了下来，到底是什么让上帝剥夺了碳基生物最基本的器官，但是你们的执着感动了上天，仅仅靠着对家中女性成员的仇恨坚持...

                         (展开)
                    "
"
            
        ",力荐,"

                        单位开会，常规会议，就一心二用写点东西。第一篇公开的评论居然给了巨人，以前的自己应该没想到过。 11月寻常的一天中午咖啡馆，非常偶然的认识了一个朋友，随后被带入巨人的坑。然后一口气刷到第四季。 真心感谢这个毫无征兆的，命运安排的偶然。巨人系列太震撼了。感觉等刷...

                         (展开)
                    "
"
            
        ",力荐,"

                        有伙伴忘了剧情，或者对细节不熟，真的推荐B站up主 光影笔墨解读，真的很具体，一系列主角人物的牺牲啊，现在还有两千年一轮回的轮回论。艾伦背负了所有罪孽还在地鸣前行。看到马莱篇后你会发现，所有人的立场和信念都在颠覆，局势迅速反转。我可以理解所有角色的意义和背负的...

                         (展开)
                    "
"
            
        ",力荐,"

                        从第一季到最终季 ，巨人为我们带来了全新的追番体验  。逐渐展开的恢宏的世界观 ，极致刻画的人物角色  ，惊异3.0级别的剧情 ，还有充满哲思的各种关于世界关于人关于政治宗教情感等等主题的探讨…想撬开谏山创的脑壳看看他的脑袋是不是真的和常人不同，想象力与创造力真的令...

                         (展开)
                    "
"
            
        ",力荐,"
                            这篇剧评可能有剧透

                        等动画更新比等第四季正式播出更痛苦。于是干脆去找了漫画，一话一话地看。到今天终于看完了，昨天看到105话莎夏之死的时候我是强烈拒绝的。然而再往后看我就明白了谏山的深意。莎夏一家是有大爱的人，他们选择了放弃复仇，选择把仇恨终结在这一代，希望下一代能走出那片持续相...

                         (展开)
                    "
"
            
        ",较差,"

                        太烂了，且跟穷、跟转描、跟滤镜、跟动作设计、跟“那个味变了”、跟换制作这些都没有关系。同制作公司的咒术回战动画就高于原作，业界复兴的水准。巨人的新导演则是完全体会不到巨人的精神和情绪上的内核。“少年开始狂奔向那绝望的深渊” 那个分镜是莱纳回忆篇的情绪爆发点，...

                         (展开)
                    "
"
            
        ",力荐,"
                            这篇剧评可能有剧透

                        进击的巨人看似是一部热血、暴力的作品，而实则是有着庞大世界观  无数伏笔和铺垫  令人细思极恐  的一部长篇巨制。 想象一下，在一个小岛内部竖起了三座高墙，里面的人类在恐惧和压抑中生活，  森严的等级，狂热的宗教崇拜，  稀缺的资源  构成了壁内世界的基本框架。  这是不...

                         (展开)
                    "
"
            
        ",力荐,"

                        “大家都在某种力量的推动下涉足地狱，但这种力量一般不会来源于自己，而是来自他人和环境，由不得你拒绝。不过，自己推动自己的人，所看到的地狱又有所不同，他们看到的是地狱尽头之物，那可能是希望，也可能是更加残酷的地狱，只有不断前进的人才能知道” 个人理解：莱纳和艾...

                         (展开)
                    "
"
            
        ",力荐,"

                        三集看下来呢，制作是很不错的，但剧情和台词的删减是一件非常遗憾的事情。 为什么那么多人吹捧巨人？就是因为从91话进入马莱篇后，极其出色的剧情，台词，分镜，极富感染力，让人叹为观止。至少就漫画而言，真的是不可多得的佳作。 巨人本身也不是以巨人间战斗而出彩的，深深...

                         (展开)
                    "
"
            
        ",力荐,"

                        讨论区你们自己说吧。。。。。。。。。。。。。。。。。。。。。。。。。。。。。。。。。。。。。。。。。。。。。。。。。。。。。。。。。。。。。。。。。。。。。。。。。。。。。。。。。。。。。。。。。。。。。。。。。。。。。。。。。。。。。。。。。。。。。。。...

                         (展开)
                    "
"
            
        ",力荐,"

                        首先这则评论有一点点剧情发展方向的剧透。 此时此刻就想记录一下自己的想法。 不管艾伦灭不灭世战争是不会停止的。有人在的地方就会有仇恨与战争。甚至在我们这个年代战争也没有停止过。 即便艾伦踏平了世界，国家与国家之间的战争结束了。那帕岛的人民就真的能幸福快乐的生活...

                         (展开)
                    "
"
            
        ",力荐,"

                        有时候难免会想这一百多话，长达近十年的时间里，谏山创到底努力在表达些什么。一开始我相信是艾伦嘶声裂肺，咬牙切齿地喊出的自由，亦或者是复仇的自由。但这纯粹的自由和它狂热的追逐者渐渐扭曲了自己的面容时，我也慢慢明白了这个作品最深刻，也最努力想要传达出来的东西是...

                         (展开)
                    "
"
            
        ",力荐,"

                        第三季结束时艾伦他爹的记忆里在马莱的艾尔迪亚人的悲惨生活对我的冲击力之强，我无法想象人类能对另一个人种因为宗教信仰、历史等原因作出这种歧视凌辱的事情。 而在第四季里之前的冰山一角瞬间被撕开幕布，艾尔迪亚人被逼上战场性命如同蝼蚁般低贱，连儿童都被拉上战场被洗脑...

                         (展开)
                    "
"
            
        ",力荐,"
                            这篇剧评可能有剧透

                        进击的巨人作为近十年来最叫好又叫座的日本动漫确实是创造了奇迹，我一直觉得好的作品是雅俗共赏的，不同年龄阶段的人和有不同阅历的人看一个好的作品都能觉得好看有共鸣那这就是好作品，进击的巨人就是这样的，作为几乎贯穿了十年的作品，其作品内核就像剥洋葱一样，剥开一层...

                         (展开)
                    "
"
            
        ",力荐,"

                        其实当时听说改公司的时候，我是失望的，怕的是没有哪个公司做得好，也没有人敢接。 但看见是mappa接受，心里面还能够有底（毕竟也看过冰尤和咒术回战），但是巨人粉都是挑剔的（包括我也是一样），就算是mappa做的再好也会被挑骨头（霸权社先入为主）。 先是pv一放出来 我是震...

                         (展开)
                    "
"
            
        ",力荐,"

                        虽说大陆上的艾尔迪亚人说着要将岛上的恶魔赶尽杀绝，实际上他们也是在强迫自己去这样相信。第二集，吃晚餐的时候，姑姑反复在强调，“他们把我们抛弃了”，莱纳一边叙述着岛上过去的同伴们的日常，一边不停的说着他们是恶魔，当时忽然袭来的一阵风吹开了窗子，那一瞬间所有人...

                         (展开)
                    "
"
            
        ",力荐,"
                            这篇剧评可能有剧透

                        预感到这一季有可能需要写很多东西，为了能够更方便阅读和整合，所以我就把自己对于各集的一点想法都集中写在了一起。不过这不必意味着我每集都会写点东西，因为实在没有这么多的时间，还请见谅。 由于集数一多，导致寻找不同集数变得不便；所以在第七集之后将只更新链接了，链...

                         (展开)
                    "
"
            
        ",还行,"

                        很多人刷mappa牛逼 看了前两集，没看出来牛逼在哪里，只感觉比霸权社做的前三季差多了 OP和ED个人感觉是比不上第一季OP红莲的弓矢和第三季ED曉の鎮魂歌，结尾动画的后半部分不是很喜欢，和前半部分风格相比有点跳变，而且突然变得很糊。。。 还有画风，第四季画风跟漫画原画比...

                         (展开)
                    "
"
            
        ",力荐,"

                        进击的巨人是一部难得的没有预设反派的作品。故事里的每一个人都有自己的立场，基于现有的信息量做出了他们自己的选择，这种选择是当时最好的选择。就像艾伦第一季里发誓一定要杀掉所有的巨人为自己的父母报仇，离开被城墙所困住的方寸之地。 后来随着剧情的推进，艾伦世界是什...

                         (展开)
                    "
"
            
        ",力荐,"

                        动画党，有时间会去补漫画！【已把漫画补完！创哥牛逼，期待结局！！！】 ——12.14更新—— 第二集最令我印象深刻的是莱纳的话，其实他心里也是怀念104期的快乐时光，以及对于自己身份和责任的挣扎。出生环境和后来墙内的经历造就了他现在的精神分裂。对于这个角色我只能说理...

                         (展开)
                    "
"
            
        ",力荐,"

                        1.真是太喜欢贾碧，法尔科，卡亚这三个小孩子了。贾碧和法尔科在某种程度上像小时候艾伦和三笠的关系。一个特别狂热，想为了自己的家乡杀尽一切敌人。另一个理智清醒，可以为保护自己爱的人献出生命。但是他们要比艾伦和三笠要幸运，因为他们遇到了卡压等善良的人，现在贾碧心...

                         (展开)
                    "
"
            
        ",力荐,"

                        电影和动漫，一般来说都具有丰富的滤镜化，来勾勒出现实社会上所没有的元素。所以人们爱它，因为人们希望得到现实世界里所得不到的慰藉。为什么喜欢《进击的巨人》，因为它把动漫整体拔高了一个档次，动漫不仅仅是奶头乐的东西。有阵子每次看到街边的摆摊人或者餐厅里年纪很大...

                         (展开)
                    "
